AQI,PM10,PM2_5,NO2,SO2,O3,Temperature,Humidity,WindSpeed,HealthImpactScore,HealthImpactClass
187.27005942368123,295.85303918510846,13.038560436938209,6.639263013112351,66.16114965083923,54.62427997507646,5.150335038375795,84.42434365437401,6.13775544737303,97.24404109007624,0.0
475.3571532049581,246.25470277893868,9.984497132675818,16.318326077385393,90.49952259723248,169.62172753232073,1.5433782900586372,46.851414776666765,4.521421553573566,100.0,0.0
365.99697090570254,84.44319073527582,23.11133976726776,96.31781102157557,17.875850347106436,9.006793603406171,1.169483416821425,17.806977221315286,11.157383587095596,100.0,0.0
299.3292420985183,21.020608716356836,14.27340277787601,81.2344025822972,48.32361562451519,93.16103260585837,21.925276294763393,99.47337305761988,15.3024996231901,100.0,0.0
78.00932022121826,16.98766721326741,152.11162310398458,121.23546115635352,90.86616698450506,241.79513844849797,9.217516717207468,24.906836874391526,14.53473337880629,95.18264321339886,0.0
77.99726016810132,36.11344485166015,97.11324045668584,87.76956194227279,32.26120614414177,136.9997141230019,-1.441781262084687,32.63590353330903,4.675127017944149,70.36149125287515,1.0
29.041806084099733,174.2305750843265,68.57841826979593,186.81536985429688,96.76641981464208,44.98239668275037,34.37859224938798,24.679305048235555,6.610047005392019,65.81994866931959,1.0
433.0880728874676,278.62902636164773,83.67378202640143,106.9479430827022,9.707749047365745,131.5660144464938,33.70743439688971,40.37315661808706,17.376643660007524,100.0,0.0
300.5575058716044,149.02302840179533,185.78934711452467,138.74521229248845,90.26711702750367,59.40987763866848,33.12314617661176,36.035212035370485,14.46487489032816,100.0,0.0
354.03628889802275,252.8836447368591,182.15036254762944,179.2970545284993,44.52121220658587,117.95743735918884,9.537247112889638,64.09920236943114,14.25387810705124,100.0,0.0
10.292247147901223,133.76598595794235,143.13529602451538,29.37437516664147,7.374416514116067,146.350041824353,-7.1508773244773804,99.6814012977356,5.37810152663782,63.12113325976491,1.0
484.95492608099704,212.5750637303476,176.93647548433756,45.94693082370571,87.95215925860875,104.86743375330852,-4.662899105278198,14.725814993701166,15.840086153488713,100.0,0.0
416.22132040021086,219.56182118595024,63.929605517524955,21.463732094803017,25.194021240911347,281.09068513015825,3.80240398856496,80.05988019639898,7.168355908648756,100.0,0.0
106.16955533913809,52.18911177100159,76.22186520165657,27.927679845982457,2.2250125495225204,168.7590892669146,0.998500205432732,21.51927319658379,8.027810403186198,71.64276282750778,1.0
92.47521289674164,154.419099399935,122.7424363708456,102.51679338684664,13.580710556919229,252.867802184069,18.716180394542118,11.785152216899409,8.964304188016255,96.90368407007328,0.0
91.7022549267169,191.19064696140717,124.72518945945282,64.2358517934928,65.91147418997616,228.2185641166741,39.317909019462974,67.47191381041253,2.427804940784839,100.0,0.0
152.12112147976887,21.208982455309854,96.3399676024682,84.63456790535098,97.78114891381948,198.34989278033297,30.83368311659012,88.59837059824305,8.407871259915963,98.25065400538938,0.0
262.37821581611894,108.46205632888696,80.13156968759066,196.49796635881236,11.14621395835168,149.06662449077467,26.49244513745942,25.866865598355577,0.3387900384473719,100.0,0.0
215.97250932105788,160.43983988435772,197.236062321739,31.34086955918962,46.1948048124762,0.6521351344762505,19.43120699636571,40.745240617775266,9.118204788545194,100.0,0.0
145.61457009902097,298.8673479133916,164.22472522354488,108.16241415961512,18.06365509475325,184.04028016562515,28.49541495899364,25.187518380076945,14.50012876206306,100.0,0.0
305.92644736118973,142.36006878673223,86.99603957760904,19.77423101073019,74.50365341015922,106.78723590074932,37.351665609619545,91.5856812372625,19.2149006552895,100.0,0.0
69.74693032602092,244.81702713429704,145.4584954479137,63.699262652775715,11.805889976181415,35.32865004039564,20.067233495354053,34.33243891763103,1.5722628913206682,83.9085918496112,0.0
146.07232426760908,129.6201855199853,53.9123386504919,105.50518473491972,23.98417484808896,133.38787908362332,-2.269337799008305,50.02416022654922,5.625814083509901,92.48687487241332,0.0
183.18092164684583,238.91721678591267,20.033865247465975,189.32634919306756,19.640596764907137,220.66599668499143,-1.807084136564015,90.52671486547705,9.882621032234004,100.0,0.0
228.03499210851797,178.6244404860325,70.48620511054813,78.24564425669661,55.25197803669779,288.50333840961116,19.19314015642931,59.758228338640464,3.4077589740383263,100.0,0.0
392.5879806965068,265.9786324507195,80.59456002467884,12.981339242933965,87.31840920006323,112.2314673366246,6.67342698924039,93.95648206918352,2.3365704415260935,100.0,0.0
99.83689107917986,123.28276570503296,3.3074249121341603,77.63228959206339,51.109020115641854,162.816989611493,35.51236876224847,93.38053731823352,9.04636210901101,67.31327125925885,1.0
257.1172192068058,181.2913259464437,162.95840032717922,29.148235174795545,5.824345277147125,255.3733150090755,20.582116691798618,51.54409179043488,11.614610577844136,100.0,0.0
296.2072844310212,189.00560418564825,71.8386804778363,45.997922658289056,56.33889305968312,100.19982598500444,23.824630671168016,62.41443514600335,16.404154530927244,100.0,0.0
23.22520635999886,125.214882540142,116.08363315602942,123.61812463299806,79.75209993180094,42.677173491244616,-9.708964494954872,30.72828463416432,19.956068435883573,62.810556405187626,1.0
303.7724259507192,43.29361310624446,14.792637454191194,13.484773240736336,13.215619730432271,84.56454936980671,14.942427603131152,99.1482236921047,15.485415599743696,100.0,0.0
85.26206184364577,28.067822073700665,34.999365750116795,92.94475125000749,7.271121434459171,269.7368489425164,11.558236069445584,35.048499437061544,4.426809039326405,71.2177377460239,1.0
32.525796492639756,5.00146517988993,177.938745065512,121.89231720215288,18.780777755756905,47.817932538551325,25.293592838376647,80.49762891828561,14.95956137522495,61.743040630061515,1.0
474.4427686266666,262.0602792735644,121.73750557656015,84.37167847349937,74.60863228216274,98.76631830203462,9.131933016668285,38.16721541397034,10.743072486381646,100.0,0.0
482.81601653727967,70.94247367160837,190.0568100340971,3.825270124746072,59.16804195320015,139.39209315010217,38.82875159435812,38.17380358808066,9.01619151406878,100.0,0.0
404.19867405823055,-41.89270882467339,199.75000687826335,-4.7164575894604575,48.99043723185237,254.13396704727597,52.10321299090992,19.347663403085143,18.714569878145394,100.0,0.0
152.30688458668536,220.81062012781965,74.37202306661888,73.42315346810706,24.947989463176835,281.3139850958924,22.99591665712947,60.39062297169218,14.04185173839323,100.0,0.0
48.83605700319193,96.00483392621751,59.76061281665493,155.71543738665338,33.22365952468594,127.74309288997644,35.967057237899134,32.03491043153883,13.633861470879156,63.73041312536868,1.0
342.11651325607846,151.81340772355097,171.67121103181935,65.12929843749065,96.58850129433422,279.58621450605466,39.76024169491728,23.35552819818569,0.2351192945520042,100.0,0.0
220.07624686980063,48.75331958923689,199.72228540749083,95.00335139868376,24.06252267293857,48.437728457326365,-0.1089655368943365,30.400002506506013,17.301429827595662,100.0,0.0
61.019117422389414,287.92371643859076,125.92824684649148,77.6927285221993,90.16454232550883,47.05568756891112,30.5266571607364,32.59838413576269,15.86600954820622,86.94719162981355,0.0
247.5884550556351,255.4744200051712,159.02814450230446,68.50784590192154,58.05315044577366,284.77524589043935,-1.884025233898626,55.36751105075374,5.978837558608852,100.0,0.0
17.194260557609198,259.136886889501,156.3491717630549,4.370275441555749,12.32964663712478,152.90404005849936,12.852172652710497,44.73307329000061,5.842268250132174,77.75099304556346,1.0
454.66020103939104,122.03212457160156,71.06794164390939,72.0041875709007,46.7312378155068,55.77235060618618,-4.9907297833764925,16.794125291976407,1.069569201038001,100.0,0.0
129.38999080000846,228.70836411215183,114.85407605141744,177.89799807990602,94.8548717360876,146.39711117266856,21.16854892335824,58.24257246062749,1.0171284745735432,100.0,0.0
331.261142176991,43.16284661693405,166.61138825284272,138.07866771873674,41.85655981373586,234.9633466137154,13.425908170253752,80.89727064298883,13.371890269233626,100.0,0.0
155.85553804470547,2.585700777534083,137.62277525221108,29.08457181908797,86.33865647893623,248.0761097170571,21.434947416285752,61.68116448045958,3.724752258155588,100.0,0.0
260.0340105889054,5.991879773408437,4.232762796407652,118.23100092454784,25.64286946517077,259.1907769947727,23.898037630770652,97.70862270265935,18.47095699677101,100.0,0.0
273.35513967163985,175.98052122136812,67.3411337795067,178.4461719897743,57.0922151800373,170.87127092622555,20.9716125015619,18.923518733002425,16.84808856049905,100.0,0.0
92.42722776276352,136.61847157438223,28.895139318921068,140.00680819297108,84.38520582019737,260.0838043103641,4.701456130368657,83.90371030822983,6.977703200643674,90.81340692484429,0.0
484.7923138822793,155.40460467255593,46.594442415607816,29.73687847133935,92.06884411696954,153.0090626409764,31.84795786218344,55.51234029075997,7.601371036248708,100.0,0.0
387.5664116805573,2.2389421251658215,181.09789549826513,173.56649934689935,48.58233671513007,182.1179707173232,17.584309968756205,56.94356597907053,6.545531217095613,100.0,0.0
469.74947078209453,126.80598589722771,7.37865778215363,60.30880265777307,63.96881021454291,227.6159406814936,14.492558660840157,56.71899411845936,1.847898263835186,100.0,0.0
447.4136752138244,215.42044836025823,43.960142392384746,90.81522886246836,0.2980130782330947,127.63058781315254,39.35319021174372,39.27869451168746,0.628603153004359,100.0,0.0
298.94998940554257,132.80811059023077,61.91387044764628,105.22855193782928,25.32233075133896,22.074446141632432,4.175395335323843,39.20995128162272,9.042663166797947,100.0,0.0
460.9371175115584,219.66576189366668,123.37681439327896,170.10132087563906,27.871210374694577,105.04990705730928,16.401515244758656,66.86600559782283,18.860802289829888,100.0,0.0
44.24625102595975,69.90568931905044,106.8203380171731,186.32149902953225,9.34930116544308,187.1832650387881,24.116228930399572,14.028857684480478,18.344986416382703,77.32339254089267,1.0
97.9914312095726,243.94260134451764,43.65389657067722,185.9305755581112,27.969501335697665,57.69971089184306,-3.738703353338321,62.99074407716231,16.19677482242729,87.66106894978486,0.0
22.613644455269032,176.52937213603568,32.84821344463089,1.590836255708128,32.112203305813914,44.515609049892014,7.711986207326766,75.21316463898238,12.571898548860094,36.20873369715182,3.0
162.66516538163216,63.228929828971864,47.359606919223765,184.37769711709143,96.87660395681932,87.92416337743128,30.084435799866306,42.06936641278762,17.124448133828977,94.30793603184009,0.0
194.338644844741,71.01614275614988,100.50592534033112,10.877393200314469,66.86023805608376,9.633438683346409,1.837911729991502,29.562124551367,10.301370354631285,90.29152378404268,0.0
135.67451588694794,188.4091393708611,54.23555714224069,53.15473136348707,42.600507941634426,223.02686942607593,14.664518245180332,29.2048221450614,3.6032026604126344,99.225179562377,0.0
414.36875457596466,248.98187796373296,189.52050032154443,102.99757094556658,98.80544606955092,77.61468065650163,21.531530299148553,17.36556880101094,13.683406955784635,100.0,0.0
178.37666334679463,124.68833460874654,92.77304428576952,95.9851378008788,15.32323202346112,37.27151899097986,23.558117665380003,18.074738728576747,18.412920703569903,96.52971668397836,0.0
140.46725484369037,77.49012873827766,11.759203308927413,120.9419587774784,47.605119393048454,209.7388247890306,26.415522102391293,25.001908137513343,0.3921019481149357,86.34898311249837,0.0
271.34804157912424,260.10348207318015,145.85328116732668,95.88924574740116,64.70622070490494,252.87840376298635,33.298865852147216,11.72556145477784,5.028881044158615,100.0,0.0
70.46211248738132,200.7804875252505,65.76905764179793,186.87513592808415,5.558063448407702,5.962678758533535,9.642972151681882,33.961186677176585,5.308763825425428,73.18459186932581,1.0
401.09849037701986,134.42564618492295,130.6977864116495,48.1097696429174,71.69988580831188,70.07993122236745,25.331596298192807,37.576164632316406,1.9807907723252185,100.0,0.0
37.275321839885414,146.37005858379055,55.9188741046464,54.80493880769717,9.98673529219899,283.56969746087503,26.60873238851258,99.56991280205176,4.509884427970987,69.78424678191695,1.0
493.4434683002586,61.27694038091892,114.14874834666398,184.14758713861124,14.028230859967694,115.57624077983256,5.013706506349511,99.25189638905128,7.679641558228376,100.0,0.0
386.1223846483287,188.04078901945317,154.43050096149292,15.347902749051244,15.968951246208407,281.5776190145794,38.40789751058206,26.83439621533763,18.79670849696648,100.0,0.0
99.3578407670862,107.6227531628666,185.6017483549108,121.91216438096194,92.88898266555178,82.26376151120321,33.2609586761031,29.1728942287232,17.20531538253593,100.0,0.0
2.7610585618011996,298.6935530023048,52.22542888661541,136.34719041312215,68.32355451381677,65.4202906715796,4.493066434978202,54.27157335043893,18.920124485252337,63.56502493424341,1.0
407.7307142274171,144.05505457856634,66.97139019979623,101.1083446859479,65.54275011031041,64.23252351839876,23.75343383434938,23.390590036393917,2.411435534446784,100.0,0.0
353.42867192380857,145.76568185688396,92.85328405718792,138.84637576462745,55.549349646499216,25.56859812748148,25.8900317229647,55.363546734237254,0.5609692323851334,100.0,0.0
364.5035840204936,169.75553622320157,185.43496754719777,34.5509292023934,29.280599869510286,268.9296865527377,11.574181813768966,45.94507343245669,2.1976632882221003,100.0,0.0
385.6351733429729,275.026800935624,180.27737136213145,170.52644655430797,62.08897045993514,293.95050678987036,33.18716429704832,39.21606019448852,18.28591269705254,100.0,0.0
37.02232586704518,240.24542995792507,17.975656020127605,28.00513789397712,41.01497198886398,286.3526421814914,24.511467675451986,84.03446537287977,3.1497727707110124,70.82983654461349,1.0
179.2328642721363,135.33902093935242,26.385965150762168,80.16248886314995,14.541615009261488,255.60844194818216,22.90773425763591,84.53059299937519,11.452734131450498,100.0,0.0
57.93452976256485,215.6097797918388,99.10183546612764,15.051520261641162,68.95972903277331,254.06637229529255,1.0420186142359107,98.9100520285354,4.551647397215239,88.84179640793835,0.0
431.5517129377968,175.8706496342285,21.323854561084698,109.04221576348004,12.958216792992271,198.3256401506963,10.392115567479124,30.077930267342403,0.4127084983359896,100.0,0.0
311.64906341377895,147.7101146103747,69.1161746697395,133.94916148512783,19.06685810211732,247.86411358518404,11.696124456617492,89.94497474293715,1.6924268428515532,100.0,0.0
165.4490124263246,57.69473183530515,29.677075643495535,188.24432701905812,81.7699311847606,62.50270930291433,26.68305482895103,58.40613367065379,14.195940459328265,88.4588424671483,0.0
31.779175143011816,139.18087903646727,127.20807102637716,147.86723917920017,66.0117096125154,116.37378911613855,20.919727262877625,63.23134881991168,3.6473290402667824,77.38979014682812,1.0
155.4911608578311,73.74557610677239,189.8990863478323,108.22058329083022,63.09911542136424,192.2508879884244,-5.706970468686647,90.66638928992737,4.582784108669589,100.0,0.0
162.5916610133735,274.4526449554964,199.3467540588763,186.52340343406675,41.82027843427241,262.4313997684789,5.384897594362002,94.8367716740488,7.545130016473715,100.0,0.0
364.803089169032,100.62204404890409,75.04822649938296,95.68736760817532,39.62805182393711,198.1408387106351,13.652375223077277,75.41301319305737,13.144831202723468,100.0,0.0
318.77873567760656,285.6792043600117,119.80252742292244,112.24113061977388,69.02626091854012,251.70658750026175,26.836647292849648,41.30581887416115,9.387447859193326,100.0,0.0
443.6063712881633,159.91658702841335,171.25353070481626,119.21970553401916,74.00055386090457,142.18485475478923,27.178456503983703,54.07011907016548,18.892204319875393,100.0,0.0
236.10746258097464,189.4633136028481,23.492414559276796,81.99594517731337,51.02132023643106,215.19112131151329,14.52716542858184,65.35484776486989,8.683643814793268,100.0,0.0
59.79712296915085,162.88213334679833,137.912882210393,167.69653811316482,96.92692443485262,293.994241912526,-4.15338088696612,84.57760350874872,3.9826184039494334,100.0,0.0
356.6223936114975,38.81418509001027,81.76873234501365,37.03518776901183,95.5699558918872,46.046567138927315,4.645170168641952,69.21529348397999,10.72285678818016,100.0,0.0
380.39252430844874,112.74636570238228,41.229232056032814,110.9684380743216,41.24294900127586,278.076207694767,2.734619112353462,42.89028550188608,9.01779230189734,100.0,0.0
280.6385987847481,29.743833683287185,80.5507237494884,144.4466512374388,82.06222542831536,156.70918435257082,29.05132051541206,47.6092406224265,15.742766770700594,100.0,0.0
385.4835899772805,186.88621325501452,15.192057392983372,180.79523437531543,54.32678415984154,192.9654092190174,-1.0006842997173209,14.539393183534733,18.70242461078965,100.0,0.0
246.89779818219537,134.06225856013168,139.08142971786114,176.7836792868557,51.17558875571745,263.36070207315385,13.24606111975961,93.18410743934224,16.725904560730147,100.0,0.0
261.36641469099703,233.39549147128105,50.54853374969062,101.7480578860284,5.4964061378651845,122.89625176569508,23.535940175719503,17.93071119965439,7.780794498518845,100.0,0.0
213.7705091792748,66.14114429981095,62.2811290089756,128.63229023266834,57.397471046831015,125.6077724670152,38.23930764750185,62.193771161699026,4.322322445827194,100.0,0.0
12.709563372047594,49.369817528800475,24.21625964829255,78.84754722586021,90.05779305631646,158.1545509041301,39.962029011222,88.44866931149396,18.28977874027855,38.88361177239266,3.0
53.945713496652225,121.89966928913034,172.93182277797834,93.63555257604006,78.0133849195092,5.730625349055174,37.64610717777195,47.87787245635064,7.71879302874336,74.5290875616636,1.0
15.714592843367123,277.97561496551435,98.68885585654772,181.2531585146099,78.63171446992621,148.99985428300525,25.91211726267675,82.01129387602343,15.404132468974204,87.1407850375464,0.0
318.2052056318902,213.12654450372352,114.42937555728004,186.1407986384948,15.992903857633928,87.3261794982691,27.322041651104584,82.34344716726656,19.790546824257813,100.0,0.0
157.17799053816333,125.6770874378756,113.88653661897092,179.08281161340395,35.84494471335636,278.3862547175344,27.96050488045087,15.386143472762225,11.548853630305524,100.0,0.0
254.28534558235145,155.18165092629317,82.09862290826835,27.67417236272765,23.320491665023575,26.320589625909395,33.1302438273145,47.09293531576495,9.59760936737771,100.0,0.0
453.78323696304653,25.263903353129503,38.5059830876279,170.01680426612725,31.5915282455636,137.79613860594054,37.5892731426104,72.19229380183393,13.997415649624308,100.0,0.0
124.64611457443748,295.3727689128339,149.02654969967998,189.6727462042961,57.953934349372545,284.2404511132083,12.285307226016377,48.011815816199466,3.8786196158128177,100.0,0.0
205.19146151781487,199.92219140847567,25.411253071534865,72.24993891472093,36.47838133702479,270.31057509554324,10.825543902106348,59.06505233614205,9.764794775973002,100.0,0.0
377.7755692715243,85.62122053902674,20.7747580557621,103.72925788433383,56.06978174642661,210.40453271236507,13.023223118931536,63.501211414597606,6.246615142206515,100.0,0.0
114.39908274581124,175.7425182645733,142.02900751930068,155.81905116259918,43.850124827457705,176.80831559882242,22.99085857282971,23.610643905811823,3.284557413513598,100.0,0.0
38.4899549143965,32.84470982069819,41.76740409039677,112.41562751312976,28.661555844972764,84.21928113985204,28.77226981388823,47.07830855336768,12.202730980619055,42.23275689228958,2.0
144.87572645688402,289.7510006422751,61.35455027056646,198.6967043412499,9.540343420515862,110.08713382573644,33.52721954506646,12.561689951520927,11.514121709162934,100.0,0.0
80.6106436270022,52.43549636500978,95.04549340034804,91.14267303136567,89.18384573447827,27.040459426238172,12.81053771413028,23.466347487580997,15.224071994850798,63.311616451706485,1.0
464.84882617128653,194.40909541656424,89.87026334590924,142.7885422414755,1.1373366004648666,235.8324893274713,8.168631309006471,56.10286570388487,17.459402484827223,100.0,0.0
404.06018978220845,73.63633876167913,141.71582501299983,158.51822803930884,0.1652488141971164,97.16093037114352,39.16763073511133,61.62273981449293,4.407519720417785,100.0,0.0
316.70187825521174,215.26841479456073,124.6863586886722,98.82008315168788,82.6797739763546,200.3345697090622,1.5943810503613136,23.161096593249617,15.594053041076004,100.0,0.0
435.7302950938589,233.0464101720843,128.87923245637313,171.39676114227515,99.681094032579,107.27843315958404,1.1002417626238632,78.00573431911785,7.347703215058581,100.0,0.0
401.8360384495573,202.0259186734298,142.81086613109147,109.23091824143928,72.71028277136563,139.2991324188788,25.770372741324778,43.568909908389344,12.576112035868496,100.0,0.0
93.28502944301792,184.34983807655777,58.52254548469307,82.33015936032628,1.5273838062884737,166.5007417129185,-1.0171352198678836,92.85849359449048,17.004800551916222,82.28507776853625,0.0
446.27949924498887,267.74072818560353,64.46666236009473,21.564734770389403,22.669022666851333,240.5557225171811,9.970449987306122,44.889645097486586,5.123702305716378,100.0,0.0
269.67112095782534,23.588013296927414,87.59954957911083,78.68271527008484,97.18227002619612,63.34691326220412,4.619341115712597,23.48298787893441,12.019225679316744,100.0,0.0
403.7200775820313,99.27442973405856,61.49243460670522,146.78729094665684,80.86042521738348,119.62961604895692,-1.5644771621525688,78.21734128126819,9.60637754400362,100.0,0.0
448.0456499617466,74.48624388925379,196.98757379417268,184.25728233602143,56.679984380471105,39.02447156754527,18.98536195489468,61.1020720395396,15.81154586901438,100.0,0.0
159.00173748593193,296.4041886196265,162.81038528428593,50.335880772062055,23.686070944035897,22.72815147637779,8.675574537731443,44.80193514197403,13.944825978822104,100.0,0.0
55.02596226383838,116.81693390006204,32.930937651205916,71.04710346610052,1.437020592674898,181.40230685063756,13.1117086424223,42.03614470890354,15.392636718064836,58.66724439268211,2.0
113.96758127097084,219.7838097721196,1.1188311763739025,30.792198820885243,2.0861472637409006,56.7273133076708,-0.2068497587241999,23.56920762015439,5.758862592064162,64.97107952815365,1.0
213.55389431312815,205.41754916430136,8.556653649453573,138.14457884579377,61.19808635302265,17.939802577829646,28.393340133587827,40.67511647194103,14.08712588178192,100.0,0.0
409.00738296124655,63.62437124321331,48.81269020858505,192.0376860019851,2.183187635242312,269.1293793619216,5.735604172537288,12.640972688050152,12.116117485192373,100.0,0.0
430.36529162817175,71.69930406346539,22.85825716737131,128.1904439696351,99.36301419253726,160.29432593561876,7.135908951344941,55.2161722668194,9.133609120915134,100.0,0.0
3.4760652655953517,84.38536906591023,106.66762297851442,123.41530600124526,18.33838334937381,40.38846222089539,2.607698105005632,90.70513676323624,7.566873807363006,47.603448476036846,2.0
255.37365128878284,123.33818347781376,171.5990445454717,110.69798610008678,71.07073618692773,16.027838234264912,11.720178605951691,81.57977165937942,6.632000615908618,100.0,0.0
208.7055015743895,70.29751969515804,147.3500441826455,17.691148137107305,15.50597214124134,35.95801602409684,13.1788313619336,12.566907748379288,0.1934872260565989,100.0,0.0
111.05390523536512,5.895444824054341,43.121812616438085,145.90076528587673,54.00934210977145,141.4011720961842,16.483345816475754,89.31342936414092,3.391171026135753,72.96701357786667,1.0
59.93268366684139,263.8179170421586,79.85985120515717,120.40990870987017,8.061128846621756,200.53957655066932,38.378414099096986,50.7092345994298,1.1795642444681298,90.85367309650653,0.0
168.807585701814,289.68294941426524,101.57884190625552,132.2953537712574,76.67784245332432,192.38402249581367,35.23459040228517,27.180231887394495,16.967150852593385,100.0,0.0
471.4548519562595,102.4711161094704,162.04116990066711,179.76221860548432,58.49210947248297,43.32692587934955,20.469631549352684,77.71707596938487,17.20177740830164,100.0,0.0
161.6014660103776,101.55206382764186,167.82432062123297,156.79215741220358,8.616669340141502,190.04668555131263,-8.054826611845126,39.05861951593417,16.923866733785353,100.0,0.0
259.395310871683,2.127543832311296,181.9436623815552,156.1830504309052,84.85861892000055,121.45968726527984,20.613017043836727,32.798658082316756,16.358395287075652,100.0,0.0
351.50947944758894,204.07520649911223,101.84905010057504,185.43675377586953,54.7018614776702,139.4231352898395,-5.516569661794187,24.518656610339285,4.426609070559538,100.0,0.0
181.814801189647,247.63196872458863,138.8549492871726,197.98699029259993,92.1592310013318,240.42912187359508,25.517211925937367,53.79597162102005,9.835723490213478,100.0,0.0
485.89104136048024,43.982490108000945,22.36007424678743,116.25654639221192,91.66233736781126,99.7498118038915,9.50388232904653,18.405459959450074,18.156875439367937,100.0,0.0
481.2236474710557,47.89990481014522,113.05779199079642,21.77632320623315,92.05077894865823,44.09971414900613,31.88482457842593,80.7051816202408,15.195635880941284,100.0,0.0
125.89114791268209,237.02497499143132,49.738361894227026,91.82598155508728,7.7785200200467965,262.03594006990215,37.12646226325653,52.36071189997699,0.036405719087218,100.0,0.0
248.62425294619268,184.8872245062434,86.34337700532222,157.52022929232888,12.095776175452343,63.6391727599014,10.85551707328045,50.227877513702815,9.18853152807587,100.0,0.0
150.43915490838484,13.458167288315105,126.81010166134388,5.545064952369838,98.7705809716198,88.20896116639281,13.02776477368731,10.166856083336889,0.2134039851930924,85.49145675612898,0.0
142.4202471887338,186.7640971386845,51.397187570756216,11.377487671229812,48.7600821398706,211.97701767078672,19.507379050642513,83.6077474277705,5.613220939613496,95.19934602632225,0.0
18.443473677266397,92.6753168531298,10.437011559352216,13.431556476564266,23.821405282914764,205.06509511728217,-0.1433639070974735,54.35533531344283,8.7152488245377,39.50011727802171,3.0
304.78216698994845,110.61754664125378,2.0467712817515027,146.20715166566217,76.9664488498658,240.12000638514863,36.36664204141807,49.59050678212131,17.85798585300558,100.0,0.0
251.33951161443073,230.91942548906405,4.431907108904309,100.2333257126344,26.4285221212482,55.15999243438232,11.649996325068631,78.52463967559515,13.08768568294653,100.0,0.0
25.739375624994675,243.28055780178315,1.6699475027539323,73.77958870411871,72.72156880186424,105.68396799426098,-1.6589832041996342,15.66086941906848,7.249691309798152,53.686756672878765,2.0
139.32323211830573,120.10698805194922,22.071011311575095,21.1234090523472,83.72857778497611,37.764971686878326,28.1365916709442,43.001241048568325,9.81309804905842,66.39965318017288,1.0
454.13294298332687,284.1458808019064,47.897742914025976,146.44805004117782,78.42633772952806,162.31174415058126,0.9575686221992594,61.81605617983808,16.347789771939482,100.0,0.0
119.7809453334862,121.93881538562168,44.24430283645984,64.20396211017993,27.40478081979354,87.77117776161036,-2.823536246407251,51.45198064652689,5.993111982274264,73.38629994727536,1.0
72.44743604561154,231.55081056903296,197.35931883597937,53.06481401293344,40.161857407923705,206.6806923025688,18.143603774700352,26.347500089017693,12.30069550937333,100.0,0.0
448.6203038968189,145.1631793692777,61.20122104178865,251.1439883082168,41.32510032332763,168.3357595162214,23.57476276457954,36.93488569122806,14.74024238137896,100.0,0.0
492.8252270553003,269.2596979566252,25.48415667187982,111.80217851936835,49.12729181044718,17.904899537873774,18.478137033245815,37.01805018828696,9.59926874447325,100.0,0.0
121.0276357557502,272.32837309505356,109.1125088335516,72.48212836266032,16.737285154013605,129.768090155803,22.82553244736816,99.27737224887042,0.4931700712412667,100.0,0.0
336.0677737029393,26.22504236132516,171.59149107950168,128.2974941611176,45.24700504143424,287.45524679267055,-4.223799384612778,39.3577406925984,17.04550638983384,100.0,0.0
380.8098076643588,280.94799939306773,135.61207535753505,54.24430407682364,51.07829905154797,267.2554162077549,13.800901894205367,28.466385628806908,0.9669766302435988,100.0,0.0
118.81877199619984,247.66045245612472,59.21641782709006,158.96605232086534,53.17089965810524,298.20270841859497,7.85093220442706,84.03734377937317,4.487209996768636,100.0,0.0
364.10817430592977,237.3932142938001,112.323231958291,45.863790061530786,81.99004299844582,125.04906745921346,38.66843081200609,47.905412950324774,6.67023757917621,100.0,0.0
183.8915663596266,60.273401905656726,142.97119484008184,31.76753907640313,51.73344984794952,13.970545882125462,-7.518803291026629,49.947732503834565,12.503222335343631,96.7003091025045,0.0
316.15291529678973,241.53576262639947,145.62089847354846,156.48788189977498,23.07839225136752,91.78684260592873,4.914710152996152,59.40001571461636,14.400669311501114,100.0,0.0
316.76485538044733,255.03982040551108,133.30769105953777,141.57840613958663,66.31287382441872,202.73125565218544,37.0931097045861,63.612027753626045,1.6090208457088662,100.0,0.0
267.88734203737926,86.74510033624529,174.1620849551236,36.527795140359686,79.73141440866252,40.549142930224576,39.17480915921647,63.150004036930554,0.8693097176958076,100.0,0.0
45.144885027204154,285.6780235086971,174.02109166882087,23.249150537987596,31.937166643826178,89.99165362800031,31.24508038635668,13.104975016993954,15.979797732586976,87.47518103563804,0.0
417.651247794619,14.958043919749278,115.78731188140064,167.67981769733842,64.53059290176051,16.849849363457604,-6.200087799179535,83.69581896081576,14.243330678082526,100.0,0.0
160.39003248586792,44.972775974141896,85.97127382224245,155.3196964393376,14.693799594601265,142.49011151707026,18.067751417177018,27.53675371673542,16.63100708509313,98.5892749578804,0.0
93.25925519992713,161.2743414154543,128.31405911301997,65.45147473993285,34.1926304578064,62.67620330852639,10.006149633523355,36.310791500547474,13.530765303670329,83.11357610500411,0.0
20.38757077738196,172.73774133669292,163.64240027409264,131.63948164267333,90.9223929549634,27.374408069700703,30.322628384770088,25.608656801860793,15.020245407133055,74.29889035109282,1.0
295.4464715941209,193.54502499027103,1.1304209682369448,24.83203730956216,91.13081631625708,123.3647428447437,-7.248788221433334,79.03689917822899,7.580767660942894,100.0,0.0
338.7821809211412,5.090738794639938,198.39940180297023,101.40953180953562,57.53245787430637,105.36762131224648,-0.1435624177648939,62.52921933628775,11.803686407899397,100.0,0.0
8.293914463928076,288.1100323866391,36.57875446583985,3.7460584120839746,70.23514608651067,161.2553210836477,14.459753311131472,77.97665374768462,16.10784685740285,57.09844371648229,2.0
256.0465291496405,13.376427820243196,94.04979713199523,78.32037618431109,85.40154152059414,224.71159659409173,-2.117616852608652,68.80585648863703,3.4423506881303423,100.0,0.0
113.24788759896896,42.91858581702071,174.40594696857335,14.968564294281018,95.85531853126268,33.77062092795157,24.635757134714915,19.37427709774617,8.456459216523832,81.15948788633189,0.0
322.5863952047249,4.2043552578170935,45.008079808839874,95.0294360313765,48.98864402897695,237.33767706300256,31.038361056989913,37.13497982659048,14.809795369597222,100.0,0.0
87.18321450249572,170.0575299882284,95.35904478007664,84.33632937057887,56.15757366260343,7.886993962554033,25.225994681382176,55.65386436311092,10.652731435303709,72.46880101619605,1.0
345.46886905123296,279.6800651762917,26.51643603623583,88.8770053276112,41.56415666478303,132.93057074875435,12.014185681999116,37.445052828822725,13.633149058523433,100.0,0.0
193.3676731502687,199.7841498241393,79.01526507763852,9.066260409598817,7.198193705642875,176.2290860657646,33.91938331263231,28.65735139655048,5.8573839175162785,100.0,0.0
468.3649943683673,246.7972405441282,35.4270909586005,72.32326825636648,42.280347244881845,287.0996019419393,-3.115693414002915,88.28307721599398,0.646849026353693,100.0,0.0
68.76047207299662,3.9843610375740246,72.7255497542314,151.2967698199833,79.06273393830772,172.1769080608949,3.0169291949504444,77.30053076938383,0.5829155950875231,71.69219992200398,1.0
170.53317552512925,162.60458954391785,74.69284335854441,73.78287467072401,80.48854979915286,47.62475798141658,14.476984262615163,41.0698054498759,18.85562353060695,96.85754064915004,0.0
56.73676062029453,137.86889325165657,198.63415791966656,143.03439052191612,89.23771145932997,155.26254160317274,-6.933070056037401,78.85111263660086,18.89080087990083,100.0,0.0
462.3468091392814,149.69038326623792,198.96260586075445,73.89574472674664,5.146670517596908,118.73518415742484,-5.2157109216726365,66.47847566007052,4.225646799092388,100.0,0.0
438.6696766904905,21.663955600556385,22.957255732122483,84.64788829803729,52.71545895806339,143.8066702800731,9.872168586118605,10.340716026915707,2.9493131594188804,100.0,0.0
128.9708138575778,205.33060832079224,145.19375586566946,112.77842256585322,10.742448793707627,59.12910439772617,37.1943148367277,44.223582341047155,0.3627966778604174,100.0,0.0
329.99202301708954,150.96612445759033,10.34909593382023,190.1363873614165,20.07421831657433,150.24811269338156,35.42068466385001,36.14387492748975,4.6251371263051695,100.0,0.0
408.6111001006079,229.5446549583792,6.038403067437725,21.772089329331035,90.02165023806064,45.01192928726305,13.298742913920556,29.611775953530717,6.687028823091472,100.0,0.0
277.60040579973116,145.5871902185146,21.06677884899286,6.582753732234736,49.67912584296958,223.21292420726095,-2.8920727744634966,32.64304546637604,4.824852672757622,100.0,0.0
264.82528917800323,44.81449086792962,193.0971314015868,121.59143676200904,75.85449208966136,178.17187806767936,-1.0946172020782203,94.81283619179705,15.947682806124028,100.0,0.0
120.92614545022585,194.47708622334665,188.17270957893948,189.8194177856853,6.438410592868083,23.55830747753499,8.877302730456364,53.768536119238355,14.988609985508708,100.0,0.0
46.5513839029496,51.715908631549866,38.78556405613609,197.94462651094295,41.6826503924852,266.88434037869393,0.5037097543390683,86.29378464017076,1.6202828937174796,75.3549484214522,1.0
448.60787897666336,261.71836900644445,32.3344671107423,96.83284947840036,67.42402806643378,184.9138813846915,-5.851220280481108,29.279543693768428,13.946432162041852,100.0,0.0
450.2090285816652,183.9348717207725,48.1070173031894,93.61632421701968,13.34064812782133,94.83211653834942,23.688874175999857,25.696341968135343,10.411702397758331,100.0,0.0
316.55072863663395,47.16116506708627,103.10939881502844,128.99275414903923,32.581787910568316,13.692719858193092,19.072431889634743,89.9910629482519,2.643322127497194,100.0,0.0
169.51489552435035,288.70141724436206,113.94092640708196,111.12695144099396,6.454780502388324,189.66800873148992,4.564837898904253,54.6134217204221,14.790708609859648,100.0,0.0
174.60478730633045,155.5096390005962,44.31868608788947,126.81761152282364,65.13399408695105,112.03207840450104,28.94741912761521,90.56369127811716,1.7209113034840515,100.0,0.0
362.9778394351197,21.8695355614965,151.32455761798903,174.79988510757886,97.08912590581184,272.2854314635463,28.79744438529173,15.67259675841474,3.5430133160274013,100.0,0.0
448.5551299762885,188.04987132452015,61.91063388053016,149.26123389752186,82.70454911428297,10.463349814252364,14.55009851063809,92.4791969958677,2.984529631063262,100.0,0.0
443.54321213255866,75.95967210384306,184.42626510588207,99.37547833735913,97.46231168075656,11.730730602673,-5.1733722244053055,47.39007847080007,18.78066808332968,100.0,0.0
389.9377729288119,241.10803556319073,131.3445412913461,92.37289180003393,84.56047950983965,284.78978607208063,35.92347000506788,23.9833438679663,13.963120064092976,100.0,0.0
321.01582307714386,245.34662206985723,87.27023886072234,127.9203497026232,85.51958061969786,289.46218370385185,23.43302617704856,71.50444204916747,8.225718583295201,100.0,0.0
42.069982497524414,293.68420675639857,157.9824003405691,91.1412568840595,57.71771953713426,8.32266803179158,2.3525409575975473,81.72124149648313,16.44408301697604,85.47834276272413,0.0
80.81435704730688,150.5608593073511,163.58292520933296,91.55587025312796,51.82523114132099,214.80997048239823,20.522727351711332,14.263725482326034,4.319188190445287,100.0,0.0
449.2770942635396,136.48706391832113,58.09632112178873,3.2611803573009635,40.62542664278275,66.44845569865214,10.251074791381512,98.84763769768176,18.621865580901975,100.0,0.0
303.21452982979497,226.0426816339442,67.94290876721686,34.81282748146168,81.809489504588,210.41782988582176,21.767481986797897,72.73241985845624,13.93994641758205,100.0,0.0
4.5985258083148235,39.74119690257797,187.19103074572067,97.7027279991506,18.20676122780246,260.6198389973951,13.69354478655104,38.92617924920599,11.191612820162645,78.29022046260539,1.0
50.735771433016055,164.07465413793727,32.948207672654384,164.53069181007382,5.62249158241932,30.24944365868262,14.273607511986672,23.616441612585152,15.892968974066564,56.468647679923365,2.0
331.7508845540279,163.87428003925527,8.430083392586841,55.745401345424824,94.7893822684675,71.6299250286126,26.79410459536797,45.32782732103932,12.895619628503168,100.0,0.0
2.5307919231093434,26.84193684311617,90.81106452190984,104.5286866262298,59.32874422170854,7.223300497948448,20.68628730319879,29.850909450276323,17.742185500209647,30.960069622554137,3.0
80.40402570874933,125.39522565207407,160.2419800487258,68.99241695184644,97.68293218758518,13.14895363333224,-6.002365437788717,54.47379012382862,16.583053201488443,81.27837556728949,0.0
274.3668946832931,255.9854395701606,154.33362126214917,20.960797907917804,72.88533698737658,8.885357465332255,-6.731321477684817,80.37034376412947,3.956610100815576,100.0,0.0
345.94759884634664,256.8460865983981,183.9061257825665,191.65969661426013,32.84989196978276,240.20470692792432,5.2504618748362635,69.4117350055498,4.793276010887368,100.0,0.0
325.9806297513003,29.7712994759043,106.64013287380804,170.93477405006035,69.78198430863102,89.487803529233,11.512299826937316,49.2341414303556,1.3019482755128695,100.0,0.0
112.13465473027988,27.216264824349256,20.012934313306666,15.69848489338128,81.78751571851274,147.96343187159673,3.761127958964304,20.704953212204455,4.40397834345605,60.41192191148264,1.0
356.08961067376794,78.80864310058058,117.73779486720322,143.95745249365692,24.53620559864359,236.3532790791049,22.5729929034959,96.14412301312063,6.869777298762694,100.0,0.0
118.62454374840006,262.429818766198,155.67912287064232,69.51598087150003,77.08956832795819,148.4830988120154,-0.2446034137189041,34.3333472905438,0.5765471034498626,100.0,0.0
162.69984907963385,38.67077552204968,18.66562405396528,198.96996141235851,80.43696250082402,128.75881878737883,25.207054819808484,35.005109128751556,6.299250924212279,91.62956794470207,0.0
373.2457025590121,215.99904078823388,34.53148021951795,60.47970396579553,24.93546301253454,3.471961946837643,28.65753709444651,68.09519996546791,15.430916832546009,100.0,0.0
324.81644952360733,30.34968588393097,2.45813223113418,47.74768907251998,4.192635437798353,170.41185076102684,-3.7840346202174713,79.34586599323924,16.8065519602723,100.0,0.0
424.611705247089,186.9413561243476,118.73051588936208,113.57810966108104,20.412228455809768,37.42292344112592,22.5403121681494,98.57374887856146,0.1774657997484663,100.0,0.0
328.80644615017167,106.82018973574344,177.3468783891809,167.02523266864085,20.064640888939444,229.39447223730787,38.071798795005705,97.22478345650256,0.1429407653846537,100.0,0.0
284.1543016677358,236.6741888897601,134.1326632004199,38.5037743639596,6.524045417548319,77.32131714450587,-0.3588091368326633,92.23844718088726,2.9261421650200226,100.0,0.0
46.837383914046235,70.10713464760909,196.4080175181964,141.88055394386626,72.60073846551958,202.25622324259652,35.465141555807726,49.178221064501486,17.451541214675792,95.74141264601217,0.0
183.85790152971677,191.76054881698795,12.606730499952311,12.281316628224335,37.99749244584082,193.86705834740383,20.30239746370083,25.00026937808033,9.385561022647074,97.88508563614177,0.0
132.60118384086272,70.70476037276549,180.60021703029923,183.78694862209943,88.43861674538583,185.002680879006,19.547243366585597,62.602408295796494,19.658041523359618,100.0,0.0
121.99482168954178,214.0980849336461,162.81365747733614,16.214983229459754,25.217110566518596,80.08560226115779,-7.403865883956642,11.553085499209123,17.746629315336026,100.0,0.0
486.5052773762228,262.1034103682246,62.84830409990099,182.8462752688325,45.32321650999273,80.12693315267045,27.41501391931991,27.662395509585412,17.802562269460797,100.0,0.0
196.5488623333802,38.04053973802801,194.70531036745035,98.16144989054057,63.90174289267629,258.91441303239895,13.913652632402911,10.227645711528815,2.5695286385754024,100.0,0.0
446.02327758855665,259.97870657865104,57.58754963428301,89.61822255918396,87.7464949671778,3.8421997891280975,26.058719591756702,26.248232131438492,9.504586984254168,100.0,0.0
315.56931299863146,178.07257632428937,177.8609447656437,194.6614159000753,52.46211016193748,54.45679003618737,30.459055172330302,52.72814110566305,19.871811946360378,100.0,0.0
397.4056517708242,38.133147260107194,176.14971541483789,198.0768355396438,37.35246278123828,183.0512752925955,16.189818668613928,45.399187998407434,2.980884605208385,100.0,0.0
251.31854655259608,128.2625566079136,151.5315233205945,130.0356251922024,86.70150784720089,245.113876320951,3.1822156639157093,43.236690843397525,11.484669072363891,100.0,0.0
288.45194231317953,48.25808804552937,112.69409476257036,25.4238583714097,31.024642468761055,107.5036526018576,-2.9213754303593316,84.78575775404762,6.885599839061696,100.0,0.0
246.25884690943195,210.10436665997085,24.000549923377612,101.2340171310405,7.9423699632576445,196.03303758324003,-1.974843603379286,70.74966741811102,7.757162800407106,100.0,0.0
97.62149389902224,227.66044032538488,106.39434689929963,105.83262019113248,44.504210751024,167.1469258860709,33.34673269728994,94.27885865839954,17.815850080810023,100.0,0.0
361.2260576307527,31.738956081839685,71.3592511309869,102.88928562706194,78.5093306497992,19.36203134461062,-3.8210952184805658,50.08069816099052,11.75805138384566,100.0,0.0
140.3861812204279,151.8419558083933,158.44340663107036,113.89836770400194,3.078083175352309,186.52505907920343,9.23470365232842,34.50067079283566,15.175527787776106,100.0,0.0
12.15798321572692,244.3875168077751,151.62584129936897,3.7449427588781337,58.58822449895921,244.17104168174808,6.713732314451541,21.041608423002,13.46468794990482,85.12340356116215,0.0
322.7361479535839,280.84891246529895,182.12250147452104,142.24545629410048,59.44640485272361,297.7344960898228,33.272783336948514,70.48246561166314,10.580313811399389,100.0,0.0
88.55533970352447,154.055360022531,2.9660324863415743,142.47886039059762,92.85417634273816,8.892021795516857,13.88467503471458,85.75669796244912,15.83422397540752,60.85919649582101,1.0
470.22929217645714,285.0837670834221,161.82064336460925,23.093955035577583,28.64648171450218,198.0174517751604,39.82232086740688,26.536542783558065,19.41465811820768,100.0,0.0
476.96428850129365,160.70669113680896,187.69241062493376,114.04788848916014,27.88366132106962,124.36486594438864,26.852737315157235,89.08774700612825,19.336391079115725,100.0,0.0
457.43219511022426,118.2571483799724,157.86008982163003,113.67223648715492,44.04836513396781,2.936366611861585,32.54617877021428,57.36485815257998,15.789040019867407,100.0,0.0
185.0793501277222,254.46093856586864,26.03889197407334,136.49008403808003,35.69149014715152,184.3082831125534,-5.066386698666255,22.967256892685672,9.74659511498458,100.0,0.0
7.728308264433713,147.89481313742672,16.25582096817755,82.2191757967154,73.63458626893268,36.72818956669065,2.655112763244796,67.85769924115795,3.2631791838240254,37.38819838555457,3.0
464.1592812938627,141.57075316935692,4.169047961540162,125.30066145321928,64.17520771315496,113.57005505674098,-3.2276902214085883,56.804746738349216,0.8894101794378884,100.0,0.0
214.09207415865717,147.0937468229485,125.7490451656142,56.15039014926823,75.89210379062663,78.41012774652069,13.181098620027983,12.536519258145908,4.628899367318882,100.0,0.0
483.3274095218348,254.0355005609236,125.93453037197744,101.4005980992344,82.00417911986891,108.3490206813298,25.91437440809549,45.93188842539618,6.805159991950869,100.0,0.0
481.8099885446264,249.5824625064156,197.3827428436425,154.66471054081535,92.29811327341476,147.80867445028488,-1.5468215898499906,80.630919364862,2.5969923183610533,100.0,0.0
426.50472773368006,121.05599773206336,79.60863482081915,141.12918727260265,43.09367317846476,107.76285974685436,-3.4915727715130593,59.988137807989645,4.495306592249044,100.0,0.0
147.22444603479283,99.9899579611575,66.38125697949934,23.780603535598676,98.46973894715497,165.81956117686175,20.73043743902202,35.38370136362775,1.6709092912176815,90.20601708454528,0.0
192.54886430096263,147.57840721173878,124.8849854368785,118.23695742321463,21.566081340365272,71.59490706985613,1.515637688171198,93.57775870442948,10.473539441259575,100.0,0.0
425.5683357584285,171.8317529211327,165.1217345015188,193.8233061881477,71.43651619473286,190.60853022851447,13.96625358768705,31.400113423947392,2.5263638234709407,100.0,0.0
158.46100257813885,71.50116318839909,187.3547899046004,31.353887467000447,53.40093173071892,256.12890123745603,-7.444113613614114,32.74624062393545,14.855372598459091,100.0,0.0
84.74637334304624,238.1865254146772,160.62483323580773,170.581417545083,81.69005946848834,67.22011407456372,24.030640603373243,41.917541165223675,6.652995562881654,100.0,0.0
278.4006312291751,145.94482971972687,85.33479612316096,140.5096161107554,47.6770520606426,152.36316475668676,17.06581908210268,90.50840751305157,13.441254284224623,100.0,0.0
468.07738708039057,100.21366452598788,126.98284706241284,154.80066258195194,78.39386353624313,194.6069353649666,22.37114494793164,55.68628558829647,17.650388701607692,100.0,0.0
348.0148983374865,32.046297889197184,171.2598653432234,56.391665428529095,93.0168714647678,169.38783936402484,3.7703190029873017,71.39611533032459,1.7203308507402082,100.0,0.0
285.0305850446825,71.65354812108208,98.12193766234788,57.57778587596849,73.22942661400873,109.6948338576678,3.930148768076556,97.86377552592523,19.780015748254208,100.0,0.0
48.588246885384265,284.7843515267951,43.33732874107854,181.2038911552976,77.60942862183244,192.6599124017245,30.068026654537903,80.4966667203128,12.90486684733471,90.8405820782107,0.0
307.5036133495849,91.52990604585798,33.94468794957459,71.96640641851172,6.717543126585612,8.473861863022869,25.928115649241313,25.534010678598392,1.0673187087331182,100.0,0.0
495.0269250521316,50.65778681011059,0.0315489156113457,12.603078138562095,20.495766223228063,110.97186959892991,18.98643255993073,80.95185361359789,6.280044638523339,100.0,0.0
70.04200761826202,138.20183749649797,143.64759899625685,120.11934071589,97.43037405035938,159.78366439230095,21.407173789104025,77.3503434303417,17.724902978829128,94.46752120932018,0.0
259.16482618186836,92.1263230080746,22.2194417691981,24.96353380836853,69.31870037873944,6.183947650759403,-5.297791024944728,30.935529502950303,11.924672087457957,97.65530762093168,0.0
438.68653596397775,10.547775081358246,48.76781993918809,159.31924828158165,56.14490173110046,152.29464890528993,32.80856522256268,39.28148477988543,5.744447344898303,100.0,0.0
370.3843088771022,96.94356518382516,59.57526630455867,128.3492885002115,36.697637339645006,196.2763382296885,28.49535165058313,73.91154158767691,18.80989168797028,100.0,0.0
348.507870497634,163.2325871818406,112.07597202735369,174.94530104424163,4.438900120691791,227.76230931391353,19.52457669117238,31.455378466107273,15.745051408156442,100.0,0.0
351.2420419935546,165.51371160599007,79.59145545915385,156.96744995652705,36.9135907964135,34.01222442282912,35.92975655504536,28.736818210235736,14.710769922998956,100.0,0.0
179.7455756098776,106.9676763530666,134.93479840463235,22.42272966763923,49.89128732895759,297.1694624675085,-1.5681046150300109,73.3125494917298,17.768542400134056,100.0,0.0
146.7959221322467,134.1908268757802,11.127731865740545,76.21413528688446,21.14595093868867,181.85031040052863,24.332869301708342,89.25359435377872,15.395598894172316,84.56072440628185,0.0
404.6805777392568,289.65537547042993,24.787838852887887,154.91204998291747,17.313679127383253,108.958137783699,38.14908888260804,16.751501435990804,5.734767063977257,100.0,0.0
405.0566973395904,113.20454316909348,99.84230070665336,83.46829465326515,50.84165513575169,74.72785633701415,5.500448228496044,50.131696173230154,11.677721510512155,100.0,0.0
433.53615929005184,77.4680439779949,67.39295756936596,194.4730969559957,58.590423562754395,171.86905850502438,-9.235384296624524,64.64576982961071,16.845723355239265,100.0,0.0
456.6202762782356,73.04011322002803,59.162672550271935,147.14808997868985,23.99179188545249,264.5134941499712,26.743373348456657,70.86491072488612,3.6169621344566982,100.0,0.0
255.6711994304689,137.32938381124023,13.405615807504546,3.099983338064205,58.738947445621314,156.16961884240942,-9.650983777193646,99.6576321137346,3.260465590024064,100.0,0.0
250.75814734359983,227.8560446150832,179.1438349496003,175.99713831216727,90.0339963874295,198.44161668148809,33.62668245910835,71.44227642850487,3.1795249514175983,100.0,0.0
399.1475894833876,61.79645525654197,138.36371722501016,20.16095697371152,47.31732580213538,107.30893186216804,-7.184937394821508,65.81387016974386,3.885105493250416,100.0,0.0
339.28608576777924,212.7888381422304,24.323631363929877,85.23514913423028,85.73901695871814,116.4456864266918,22.63823649359386,99.07607370781017,2.0646163122643535,112.4943521451902,0.0
350.9834386288517,6.344947004824886,13.009191547428124,146.89848012221017,92.72714445333185,85.8525317315676,8.859207221157519,15.460132634036542,16.752580399283325,100.0,0.0
397.8963347180505,125.6798933951838,194.97450668624865,172.99371188609604,9.23940289370857,211.69118831047192,0.1670326858366415,16.69932065377884,16.36636440794968,100.0,0.0
445.0026709087832,232.75951956083605,136.234510087901,107.2699255799112,9.5811579656797,107.75626602496952,34.91291999269145,60.46142737816758,3.0273798371819005,100.0,0.0
168.9975784257679,101.61988673232942,83.4912142187483,57.80994658915584,47.604418288760144,57.21492121237177,27.312292596343113,42.27981529146317,14.11074353420692,89.37106093277625,0.0
187.791476319972,169.12113043361984,140.34620815115696,70.26310905063511,58.810244431770265,110.82017134987136,7.022028307163005,18.702776237235035,12.539511184198991,100.0,0.0
46.9909699204345,61.49376984777324,151.26635729603183,68.5778659192112,42.588346446502925,256.14816234982686,4.20765464286125,37.58040064835115,5.523885312247227,84.61538257158757,0.0
289.14007049808697,222.5986173378517,155.99244047775588,65.33562076190245,32.645077041750305,221.47561307307703,26.80061470805697,70.69190386668797,4.54736867386639,100.0,0.0
17.971136898371043,15.683730980627884,95.57546113061152,48.58193436432996,64.09941161261558,100.39225333906916,31.828538130316524,89.25534673179672,5.011717105508429,42.33518298287585,2.0
232.79900906623007,255.7627934626501,85.9765516249696,121.7734189258466,0.2081512349920267,272.0426894510107,25.79252321479047,18.489202899089875,14.612612162137353,100.0,0.0
271.3223173537883,59.45891592650044,2.205616853780068,180.08106371301344,96.80732808637424,22.449790535240087,21.99946125178707,58.61305562356939,6.386341326809017,100.0,0.0
143.2706260641422,262.31940951249925,185.3114230283676,61.41648261666824,23.207908818802213,14.926137424092966,1.39623625943244,36.65040083167797,5.559185552349469,100.0,0.0
295.4166302845054,105.7587723901552,120.66157567778862,37.33885949228242,91.7098768583007,38.241106435572384,32.64019916382361,70.05935469644257,0.4496219973729776,100.0,0.0
15.250124969524714,216.805072342346,40.63078743799362,167.71553327428498,10.9014744534506,34.93642675758093,27.48309917291874,59.450634501175614,18.164729875530433,52.9095804861274,2.0
18.674094374607208,95.76758933585654,183.9206838842873,148.35666617794067,23.808718204457257,26.350294503702155,15.86371448832072,93.40399054199614,15.05408288957928,69.07836613231743,1.0
411.3002803298291,271.7735013703943,182.9863803540593,186.1674063119821,23.48737010875004,198.4027835993977,15.579388113339038,13.39154982548993,9.455673516134407,100.0,0.0
180.09532070563145,37.99113765551231,197.8368328732192,33.10394712098193,99.6152904200646,180.25271389662717,18.45865139036732,52.30335474461272,18.858538407011444,100.0,0.0
63.53025632594239,53.555936781779614,174.81131262779576,28.850262823318303,0.4600545725884419,194.2816531745144,31.413819708933133,27.348359981563817,5.870644235508444,79.84890423271044,1.0
261.1216300274022,147.90903754764068,199.55687756401295,108.28587886099936,63.963820930349584,206.509816248609,27.112977441877874,58.31035377978211,13.494100863662965,100.0,0.0
384.9967765493054,24.581531711443837,48.937237624654514,122.88673096701903,86.96865810608529,227.0639257442039,32.81224969729416,86.82214096601587,6.1030075535744865,100.0,0.0
107.9105137484216,58.79405541052858,168.4499170398468,96.03468837191792,67.22736540247367,62.15307824592311,15.364138582936118,92.01848750074528,6.291448510378963,90.03990865079075,0.0
311.4452379095001,283.1299146636043,164.6056617591529,119.79332726477509,36.273381821694414,186.69105397043995,21.232452950912855,45.840849689548165,16.894183334305396,100.0,0.0
42.673732496884,292.94689834436616,46.18807184414675,36.07595377501427,95.83093627029348,174.014597800912,32.72859034479898,83.06024709392432,15.740439069116617,74.71157445274268,1.0
25.840860584303847,112.87779879912658,19.687509800198157,95.92275083281667,89.3520754589041,283.0980077410421,1.6160030088357686,35.245726725295484,5.882148613146976,64.97231206447539,1.0
265.677315784074,276.9858063041807,195.88410273551992,131.61851218793356,43.39549202495178,69.71031727189457,12.2010340128112,10.56744516872626,1.627790313331876,100.0,0.0
270.31756080505323,163.4474027020295,59.20491030412207,86.54128984974075,57.33284926111635,17.616880312299422,21.03261184896935,86.9715151770672,7.15168279182397,100.0,0.0
318.71495074910325,80.9227397621301,174.1783580935612,135.88946716331958,96.75191878052406,196.04852091436297,35.75731286790507,20.74710181659532,15.201150709706306,100.0,0.0
363.0456668613308,210.7196163241796,0.8254309349207789,90.23825611076792,98.25603619264702,222.0518520710135,-9.208199447693753,11.58500110266536,2.0108872237001307,100.0,0.0
487.9260397312673,197.67054197245716,4.204961443920441,66.71991616845546,44.982327571795224,84.9588017422652,0.6286579086613759,41.841789703115374,13.44201729446505,100.0,0.0
258.15017415059765,296.73759573262,93.17426173927367,60.72100941741847,84.73500281430886,171.2545292819007,1.7225253880645202,44.14419906624617,11.409336434752285,99.80708287630534,0.0
161.478236470623,79.51418622278499,47.74293678701271,82.1804117977176,30.198022695393632,17.860819660245177,13.002356443817732,16.949815369504524,3.584543112100942,69.32021710179097,1.0
397.59309738435184,201.61785079852064,137.96825668719285,4.6179245364401655,37.18128729306647,288.0134523504867,4.089331021033946,83.2764381836024,17.244086485724075,100.0,0.0
135.41612563103712,15.607126508834067,113.11286511359089,133.70502768922273,16.482188299022628,32.97749198975058,19.506939278111933,46.503345718750005,1.027277649137821,81.27377389939869,0.0
219.48571035281805,34.09381160901582,15.497159490098287,97.91139241998515,20.91845927767303,20.27116084559871,34.28101321273727,54.09312523926349,13.337605161811268,99.8718701028669,0.0
39.22819067113298,1.1755124853279786,32.52565926314341,70.92541888862371,65.6873302259359,13.233047848385716,21.848892053619473,33.81627411575485,15.820778407517455,28.20786996444227,3.0
12.675371707728756,299.83820431790195,77.60985401168286,9.206627228343711,51.07816180070809,128.1815719510058,2.0763279477179566,56.035607711193805,8.895322353186646,65.05254823937052,1.0
481.32420733896254,240.6821091442433,37.120812791086635,197.35511947711151,23.11318606256029,29.147923037157003,33.18764250350423,79.00582515556003,4.0745738962702704,100.0,0.0
417.99006025610294,236.01690442006225,158.44446944878572,52.73965109021339,40.29096163616526,223.39447228667257,21.602289457375665,91.55644439504653,18.494589978070113,100.0,0.0
347.987103046849,152.91782258645392,83.21404711065601,25.3242243381546,37.31834598636817,269.6622481879217,0.948106249395078,97.34766406616345,0.3993773720633764,100.0,0.0
204.47647220713495,90.02012487163198,18.686373368499854,73.95050159460558,98.73602045353344,78.06567969745711,8.083326858325162,48.40515321412276,11.10142458459065,93.2614104027408,0.0
86.64716003542289,45.379285338802774,96.86858045442496,147.71140812671132,85.35658372113794,188.6319357754197,29.498240336989127,99.10304728916132,7.456988174100645,85.96019478610764,0.0
78.21852133554302,85.4024216539391,18.167636212282833,58.78331937811314,38.79663333838243,12.701534103545333,26.94655907435571,36.54601405504132,9.221143909620915,42.91925767439952,2.0
125.12144908229764,112.79136657874172,25.787461083963436,114.94064078389756,91.39165788960332,115.96934150783862,18.82911847528213,10.627834175655412,10.731301125577916,80.15562374296694,0.0
274.61333235306023,226.8930290940882,47.92196640564106,83.11199888742844,34.26353916281711,87.8826340283185,-2.7616248629719085,79.08553395078712,10.694972445330176,100.0,0.0
357.2979613500312,161.89853667094573,171.90554104949797,23.552798455323696,66.79015127348595,68.58572893210764,30.16446486572521,26.05920836870788,4.07247327512864,100.0,0.0
330.0986883588656,23.245087966644807,184.92250646659437,66.05740249842205,96.66499966821124,193.41704688860972,5.377126427637405,14.72093543114766,13.594046458000866,100.0,0.0
139.9669484729714,5.408702687673673,165.2515458664138,144.97410114281334,39.02788639885523,39.068383907560886,28.57989694995812,93.16080303379287,0.3829658238429224,94.48876367023168,0.0
477.432640331597,30.699653860218945,66.81544348356945,122.40077946628912,67.98849651049338,258.2131569890965,22.378318288112936,81.26297474472882,0.4236818842571344,100.0,0.0
368.94845834788424,123.1496141092138,54.48928822176633,23.9556759767122,29.59238110626332,199.4507719106204,3.2085140821759097,19.239832138443067,9.5697468255662,100.0,0.0
277.17702625570035,279.9578751147055,109.83113815804784,32.66448194286171,26.631231559797463,213.2205536064174,0.618461406632834,79.92191371458999,10.838057605405517,100.0,0.0
305.8603731171761,191.22074436276648,144.37063210662245,128.1466718614891,57.41566664315519,280.6032925973004,-3.4545038371140615,85.95997276842967,5.497789634005208,100.0,0.0
209.80003121389495,240.54776996265457,198.67455763203495,162.68308286417377,97.92645980332182,282.7118614507544,2.097311829405788,91.4771498664314,11.033510672536671,100.0,0.0
123.86549475057872,139.91237835136457,26.314142375785245,69.89489919163385,45.313384872017,165.49569714577075,-2.108548877543001,58.9324660719724,10.322184659711802,81.8077618237,0.0
177.98633932563078,108.49982495851285,9.858399804760886,119.06215036869004,93.76369703165808,148.61394518579414,20.85256238938757,73.30708634752864,6.984411095452896,96.281509987282,0.0
378.92305523218454,32.52011181498682,138.8711777990542,34.12871775042105,91.43635202447616,100.61448246807304,19.939155948862677,78.60153510649099,13.035492730902332,100.0,0.0
7.196744314877934,262.7799066558615,166.4451567007811,62.275267381064765,25.376261234499474,214.67148306074048,19.30860300663986,71.97750416404962,19.158744330935384,88.76616603923247,0.0
58.036320253458115,234.94800870837085,169.26975597328465,4.05404113461052,40.18194070843274,161.46266609394388,22.09449046124192,68.21502582750344,9.81605388850271,91.72488868232126,0.0
23.001321010876374,50.43542927931753,135.69270981543212,153.65518955990453,64.33024784941831,279.8625239220374,30.739226698228315,59.28033275000953,15.721015185499605,83.32775284075979,0.0
20.36440115948507,153.67816916287816,190.8031608238374,80.20196395459335,51.80458844113917,71.58778461378161,35.67763557749017,53.12759087760125,4.951931271459793,75.37549536534779,1.0
427.7302920055036,146.21244237637347,102.20095270891738,163.22511473079078,9.595852986317432,93.07580587514722,1.5187768950881058,99.65125176083475,15.239011870149625,100.0,0.0
351.8289296900118,187.52746580595857,182.76295966724248,141.67459920454525,99.36980301271583,94.82713422599062,19.388724508446284,40.380470237994075,12.978119090039886,100.0,0.0
237.0869145436626,283.85606819737836,193.5624273983046,165.7488531456954,75.265400121128,241.7995363670121,-6.083188937636427,17.944189340009373,12.793955598566075,100.0,0.0
48.91708032550074,173.9314325287439,169.43149140062155,57.13173391657656,43.769403822471176,29.712099552645704,-3.992878082220244,78.85332685032648,17.86070680884455,76.1340277323635,1.0
245.80793755841617,162.06518003358556,61.95171265172412,37.02174608556905,61.81685496662913,136.69473629669392,22.716965648069525,29.244194008254475,4.667005099045034,100.0,0.0
236.73588539028285,15.09687988039918,39.24313023405905,194.38113653033412,8.757281726623011,128.2742210919142,14.32902808452254,57.94240236568351,7.369002341818842,100.0,0.0
86.60093495500759,18.87224280540718,109.62401299636367,143.4655574081739,49.530165368961,21.94188630412758,27.916604341721687,18.62213649405136,1.6613491402197145,67.33066233189687,1.0
216.92582461898652,56.20403739803667,90.60295007603769,166.80845358533406,93.08324158174878,123.23909956330414,11.283874049528569,65.73554747351116,7.963640797842831,99.16808445858557,0.0
199.25236719868673,9.741231507524484,175.5516684385466,2.6266747419867453,89.66009580549783,154.0133949851944,-3.620079658353095,94.96066635129,16.877345705992234,100.0,0.0
307.92504902610824,223.00586867100373,20.006334213430744,70.89232405917731,33.73808454831456,19.53140775147397,33.602682691541276,75.0434241346262,8.116670072636062,100.0,0.0
317.5468254338219,216.99909119818895,51.54801226230372,148.56333811546634,53.13678638213389,160.89424966248424,-5.855576442733886,29.308130040395213,7.1365363693651895,100.0,0.0
22.652004886022254,40.816870329492886,150.3597889037417,15.596566597996665,69.73835240876468,287.7713714050203,-0.551767873230899,97.40242407599746,13.173037117130551,74.14189423804925,1.0
187.3063073132356,250.82367023858427,18.997328995462425,113.46798591378712,34.000926690790536,183.3103497726492,15.639670058922427,44.5684633256908,10.632389720726175,100.0,0.0
312.9299578571182,46.43581045383359,64.15288280434004,88.61191095994808,57.541326437283914,159.50393357694335,39.76403035327134,49.2953487842219,9.32437112399172,100.0,0.0
361.9274938965898,90.35267609920764,84.30067168077429,3.523301428221459,50.54416567178047,154.52907978088768,10.842991008799196,54.83053183355207,8.758030344111301,100.0,0.0
245.15217901031608,74.6930697484095,124.51875931253798,47.19511542389028,60.16357358233365,150.6010919174258,17.919509364699834,51.509508435315496,7.771741355514031,100.0,0.0
329.3468158094725,120.2447587927706,31.626529143872915,107.79561889120174,40.56964730653967,143.60267979185488,28.48483754869342,16.200226064726486,10.407854020414149,100.0,0.0
65.13181643814274,146.28734331146828,115.48648830837018,22.371989269264493,9.557537353853062,170.88377847411616,21.820779266940686,72.70554649920129,4.173608455492537,76.14648819215594,1.0
504.7424824255092,146.6852779315356,176.3173479053528,71.04583592058354,20.72906435941523,-206.3435508373461,32.07103459706667,89.03499947446439,36.62766120773402,68.265420144175,1.0
321.2096391031578,122.22236440640566,183.4043423761113,48.479575250377806,34.80522869909342,0.8802173408029579,14.321672929394689,17.04927871921954,18.517373817735393,100.0,0.0
13.255655270810909,295.97084723379794,93.57398272678633,55.52389992387767,54.10512228305804,104.76968727274108,38.6088843746611,94.15284918695708,0.5417578059425976,69.06566057476492,1.0
292.88779063673167,16.7779050384677,55.00805178814667,179.6477196400295,29.38429187596653,21.43209018264717,29.8406180793154,63.08724872287588,13.60613144809345,100.0,0.0
470.1151207124788,42.65441291620549,28.365765737534975,93.4246185386279,27.618381440650374,223.1474311155397,10.06826941566326,77.81662068298982,8.177716897956781,100.0,0.0
287.73708893793946,15.847768172580746,0.7490189422569626,78.42562939385446,86.93493438130818,168.30433590897968,9.0635911472624,31.63468920141517,18.488539094233246,100.0,0.0
194.08496310326095,187.75235849471272,106.43149699696713,144.77420766294344,14.505064080142628,171.65156318629695,36.47455960221089,78.53868303664812,12.906898808141635,100.0,0.0
321.64410922117656,16.352783224115875,21.431339385384685,181.92275937658243,49.546013317236024,85.9533857699109,24.220781790735863,84.56278960208948,12.496854249620869,100.0,0.0
229.1264452457583,250.93192121283695,78.34555272623564,5.007267247488767,95.2824716936136,244.46888707589207,21.07168172628193,54.98048092382168,15.396113201964804,100.0,0.0
272.8083946579675,153.58158920457834,117.85435224741734,89.6477693110793,62.501324911604584,0.9812775993750522,27.891531871690542,61.47608254731688,5.356118976393205,100.0,0.0
470.7324043882626,158.1022873744601,55.13717938054006,122.15627121558946,71.72054798944384,100.08035374925764,18.041691405585578,97.46852814365992,11.914645248644742,100.0,0.0
193.05131890038712,168.47835231365826,35.04485847322305,63.71261962519792,43.12369913906071,197.8492471376603,-2.041661345713665,86.2056677536983,10.38842218723692,100.0,0.0
480.5952819119571,51.24411189186322,154.94432452186834,154.48154442464835,1.9932167119719568,272.3767612250763,5.9607731039215555,50.03650549613479,8.76945013309947,100.0,0.0
452.6753209780319,59.30709093434626,189.3582344563241,114.19031970692743,64.61303683672054,70.38478707756992,17.897243185448488,69.81164728802612,1.5897433473892164,100.0,0.0
97.89556739464822,95.6451968619014,20.0880835723932,188.68547325005665,63.1924281428124,162.33001551822542,-9.091608953641652,80.58083291222617,5.852577160256827,81.3739284927013,0.0
34.68065043758273,178.04892474655543,31.118064877001576,53.196507875988374,11.04276364633331,161.39742615999631,11.867535248161392,12.189593852042364,5.599634279803389,55.57087369084758,2.0
50.38900068871333,63.03533278206436,192.00253145054373,45.2676556874972,46.21597136246315,262.2523107131099,27.790143963796837,62.95293879627434,14.485019143280018,90.76977682775922,0.0
9.110912825774864,34.89951813997837,7.556844362449256,191.4981062042442,91.53289446656504,15.155066867952703,-1.7882997741863829,98.60757520714375,18.413122704208696,32.145315418266975,3.0
47.2214803779642,291.03506592552964,195.52646731009443,91.72569748629316,20.508483197197513,127.34266832121222,-6.772052492154714,95.24625848436982,4.615744457536972,100.0,0.0
341.5033867081784,6.594544442886874,0.9288966169977542,41.65954461693835,46.10987546341103,54.73970243757946,31.80145703638492,84.91963552861998,1.492478777826518,100.0,0.0
35.594324230114495,240.8092216008065,174.73373113026628,141.39939272608365,46.11031852005204,6.459780089579414,20.863693423168097,19.559268381761676,19.999139087375404,84.75425723720998,0.0
159.48781514688065,236.41054487250665,61.4650361975499,56.884064780758315,81.07614681476385,44.10928215614484,-1.171051375526801,99.46373072645366,13.824106602681097,97.30089554389563,0.0
422.43765548472726,89.1642341535288,187.71777163545931,53.44939501421047,82.45758703294446,292.94120185445973,30.31524902915968,64.85843378241543,17.729416939805148,100.0,0.0
11.635967867912932,40.68798480219402,63.38905772711709,175.84980861555695,75.92694196633919,64.45455285608037,22.906473574360614,30.061742448654144,2.8775883172759253,46.77498053691557,2.0
407.2342412944679,43.688594011627025,130.8612643068112,32.49583067538069,36.54541591882737,280.50923200074,6.705963482421911,70.6841820652885,16.015360822347375,100.0,0.0
140.92738738669996,209.22948517115773,16.00651395318733,12.878589293247275,7.203692501852011,61.576302789282494,8.809813598086961,87.08712058717131,16.266474919762004,72.95432693121636,1.0
59.082413810828136,192.8419773258521,48.4659622907478,53.83728803433745,34.94829772240141,279.38856821534534,-2.2055918406475827,20.10949847628723,3.029778519812183,81.73090551111335,0.0
348.3685826820753,234.82370227541605,154.73586929585014,121.38908256764076,67.97912012713397,196.38628056009432,31.762779710437016,92.47943289604822,3.228083601881915,100.0,0.0
314.471423389942,281.2443517197314,105.73717073576394,24.61757068065411,70.27465744890765,33.96557325057803,15.450332582187102,92.81838532770956,5.909024322436021,100.0,0.0
438.73600676352646,207.5782089799776,185.59381235740895,94.31893445535874,96.5000209476719,174.57454653797333,17.850953832183027,11.211796560818604,4.335748952714795,100.0,0.0
367.5355219019429,46.75546096543304,85.75028166827086,125.46742208506396,45.36412314437085,95.55421126208358,34.17459575988739,91.02872094970547,19.50819816113188,100.0,0.0
401.74046519242427,73.0327850296232,173.96247316278462,169.74739851863478,63.24355829402904,114.94594679342106,-9.208469177345304,95.21361264161406,7.2588766727286895,100.0,0.0
141.01728628565326,252.65811926193433,89.7910874956475,45.97391824045087,53.91908707225317,132.05128735049192,-6.6538468738353975,13.392261728231068,15.226128235344138,100.0,0.0
88.7197718898614,62.79182275026257,195.84965574039705,163.46926467655788,15.061856011323734,126.81210675910036,-1.9210509070092492,36.47496911572456,16.10101606965345,100.0,0.0
375.3073758204292,21.756695086344426,191.96687627977536,46.98125222624772,46.1202472132136,199.23266714490867,-8.498109345592722,43.579675613451386,7.718817743093491,100.0,0.0
403.417369633632,210.98401621267513,65.82734111121607,135.3533082479281,54.48351546889943,230.51042057722893,22.907807831219976,41.40014248597511,13.65171108564671,100.0,0.0
495.2525710003367,120.75790664704262,177.18473408336064,86.13471429649103,95.07496060422584,98.7533067603364,21.69397340941604,78.31029135431703,2.156002817914542,100.0,0.0
206.30883845571324,276.0120157637711,169.52227484312985,22.936248475734033,36.653905440895606,277.3091885057069,0.5400951464492803,42.22940133014803,7.939241029638718,100.0,0.0
186.0090428963916,195.0765213280985,42.136079465512566,142.85269256436973,98.00991031079778,281.53989420566296,-2.529677755665263,96.0920928905268,19.346213201897996,100.0,0.0
388.2064803709984,27.125693337498223,124.85808015665395,43.55252370980356,54.23000740240844,12.20713114534302,-2.715764930669664,99.54933627742642,3.3706130782720733,100.0,0.0
170.40177012650892,284.35697017609823,14.536463117962972,35.324685204918296,24.246924330305752,4.472636664905549,37.66207066593211,38.51369836356219,7.714226094012625,85.38678424465553,0.0
465.3786628017823,77.56717909207377,167.34214411669234,71.66458571787663,19.16643870158078,127.5198990453183,24.67522643123708,55.79206778858562,15.810430197840647,100.0,0.0
429.2063759215059,101.16374712188572,34.909176700699305,130.6580489518967,14.169491726023177,177.19357529629755,19.271441423253965,60.193525627000675,13.308465098209204,100.0,0.0
214.49701368750917,120.6781241050626,14.162940277152902,46.79929575812556,45.293287057345296,83.37142423561849,6.124343590254714,62.14625469703555,12.63037203148797,93.59350514334412,0.0
375.4355338957487,15.367288921293978,80.04381910776223,36.732307756377146,2.192642978892323,77.82412532573231,11.652159895439482,43.67880947757697,17.065149186848448,100.0,0.0
377.2714370423412,148.9546266691815,115.38442771992872,1.9907251426728667,44.50452833148654,203.5001489127572,-5.529705940039617,24.939415176294663,0.581876860473951,100.0,0.0
51.561934417966306,36.99554732258768,170.9833917119542,94.32861942034472,98.84046921559462,180.51128539667093,39.90759440275007,14.910448755801491,15.423287363639844,83.0242832542013,0.0
451.27645333978336,120.29109800650552,194.8485051043473,85.72911386303655,67.01067957222666,50.14406249793289,27.75427317858174,19.571379908484893,17.650980784316367,100.0,0.0
252.62618622392856,105.21293639762528,87.89850251397273,46.77354872747526,75.97861212004047,265.35028897954766,21.072657841411395,91.11621138344572,0.3234895499239366,100.0,0.0
413.2287330538708,231.85202502795104,12.089384597054044,10.73043280193815,11.900539071826255,203.99282104832096,19.388359761394113,35.233750595845635,11.17925902214611,100.0,0.0
160.02480051530588,240.95115348981935,149.82311580517413,85.85117491916738,47.31008614900908,108.7728747507025,15.215718601658628,16.91406848899401,6.971769704212612,100.0,0.0
447.7616142481002,46.0238647167264,113.03465124478748,157.64102221432626,28.62231010257139,205.087406997345,2.8713713837347914,66.11767295899176,1.0152541762708545,100.0,0.0
194.60083936708156,109.96535621376786,89.57826896889263,143.0564262654354,89.40975279890293,33.79592603034478,1.3195201729866852,16.777643613515675,8.354962386362867,100.0,0.0
5.41882574014918,112.00594830954952,61.85377575843794,172.15897797203405,18.12924720139125,140.47683737221683,17.47662285946122,16.304764570212186,12.88060282343772,55.84918031503699,2.0
452.6909882096318,45.42313318082552,100.47970556870712,1.9165375426311249,45.873332713674195,50.69532286786779,-6.489959272102416,65.94134552840994,18.380272631787847,100.0,0.0
45.64333839306678,239.53605151535712,67.73592089140618,193.2838633609197,58.80477183456377,12.429373838530989,-6.276460056573216,63.22557197786776,12.410609729921427,74.39864567574284,1.0
159.65681879520744,212.16849850062695,151.40237354947206,68.28245052548966,51.40410915785326,101.49788108648993,18.040680158017505,13.732955825496411,17.13486163111974,100.0,0.0
475.0309835254024,57.11453588911042,108.77873929852822,198.07955921839297,83.02435279704073,45.22064504423498,35.99060241051196,51.44300509932539,2.4314301334913013,100.0,0.0
475.3035734687781,110.01657257813972,175.36955483082238,50.52389212035493,23.14531713196404,190.05538708614745,35.71359255649273,49.21914771154312,4.210423350462684,100.0,0.0
286.71894406164307,31.741507456954267,108.7087829298884,94.30727751564896,37.739111042369125,202.2203682053131,-9.458584966960384,59.20202167322995,19.40585728429136,100.0,0.0
315.91860608489964,188.4619791279132,47.65248266798601,70.78553531506073,79.20842965739526,44.607691867981,-4.630289217627511,76.40602393931087,17.748013805128878,100.0,0.0
224.2227609891599,36.4115773645859,170.2183764464289,71.15214299886053,52.807141173680485,7.383901681027883,19.15388468793475,35.45200428059747,4.70453906040051,100.0,0.0
146.60538584903227,295.78025058747534,111.4438089860088,168.45641974964315,40.21173856479573,237.84316849054812,32.423786090308205,48.95022552254292,12.41947763595159,100.0,0.0
164.332272684958,234.2046224063587,41.36820762871225,149.28378794746774,2.9442514744831505,0.617106218568686,37.72245433284144,81.34684159248683,7.25265517057065,93.88233208702292,0.0
336.2592280385192,117.07156487519852,124.70156199124445,198.4302870460096,75.33854240156094,103.17392675513662,33.02911130228896,93.03007514145118,9.371970174576706,100.0,0.0
376.18726471884,173.56917968380634,71.54335298848551,122.70293654350252,97.21820779667604,148.37498941370094,23.88065676482279,90.21906757448905,17.217562981845802,100.0,0.0
395.7895218629243,273.4025448649226,168.88112245841316,92.65132087890052,62.02870094885101,245.59265656152985,0.0262538794617874,52.986785688463755,14.71425220266066,100.0,0.0
394.80907139727697,166.22978411874783,90.65994772930856,18.014772589378225,85.65412206887946,251.5675928238422,-6.368926301051882,56.877921730189165,4.768851234401907,100.0,0.0
45.60305152434518,52.34954591938655,145.28827162148335,199.31228390277136,51.68757431949261,217.48183218313665,-7.624210865717763,57.61948979369434,6.3198614939376485,92.30253216669334,0.0
247.21015235129073,113.6110066743478,19.10724152724743,110.30613058645658,23.168096542336457,74.15928676196935,20.60383923127057,88.18440127367363,5.794209196379956,100.0,0.0
28.779380008322143,252.9434595089236,79.20486926046924,140.09549393802837,1.444210423514547,216.05608029575123,-8.190569799232113,85.59455562442007,15.613255566814887,85.0853674616574,0.0
274.76444116186775,193.26390479688536,196.64828729447973,81.34847743826228,65.33982675899892,73.9617593630825,26.961997823277528,38.037927569081056,9.801768422736624,100.0,0.0
220.76525068668852,195.2173153001401,161.69205789542966,109.54314163584718,49.31088482482446,64.3824575195105,25.623536867548452,24.656472047983172,19.01448614048772,100.0,0.0
443.8520913791499,260.04644570654676,31.98816047338573,188.51554637857743,78.20981470876015,164.13838626915972,-6.019458761166055,44.10771053428915,16.33374354458102,100.0,0.0
175.45750627603934,268.1919172387514,55.55280989545102,33.283887586320546,69.46824174353046,203.6563331502188,35.33111825183973,35.95657449244611,4.223888617091626,100.0,0.0
58.53350821380293,275.93777153383087,65.96316177127221,58.47451686605092,98.79523682065648,15.915529773504176,16.096464431265115,95.57026523334186,15.718855907090996,69.13446245984895,1.0
71.49584102641793,28.454757975946833,130.07311209908914,30.411945555606472,51.03125834120398,18.006780337382533,35.22192836688658,33.93241114947864,10.121586944278535,55.43511026613873,2.0
380.75531585873614,163.23780058893027,151.3989518979311,158.44318076095493,42.717478967300934,235.25120604503695,35.0805028094161,26.3086013554242,5.074202523614099,100.0,0.0
309.1090316581305,222.1528563654956,149.90532176158194,12.409052084365912,28.673968943929495,257.84917528964394,-0.1482968056440849,90.9531156303294,7.2666348563578,100.0,0.0
50.56133806139512,227.07805353810417,101.97481126128056,16.32632997026766,47.68612917912745,181.3322749025682,9.02888139681424,17.78307439204639,19.442522334866723,78.99776578414097,1.0
42.05340305749872,182.01486059100117,162.16410756763025,59.69882255747374,87.2871478122922,128.6484029120658,-3.268683324809187,33.42394462838142,9.679228851682495,86.12888115110069,0.0
350.48456572956,50.03620055510225,87.415616551495,102.83763618420224,4.243972579174127,253.5949438797558,28.748900506816035,49.52000746005296,14.39211699221326,100.0,0.0
36.381503182096765,239.22616618249927,24.776113059112383,81.25496011191731,97.79000472861888,218.64510983259905,15.20624577689313,63.55966403437139,9.541705903255442,73.4343998315766,1.0
410.9300296451781,216.0334000544837,112.88836833076266,8.963262134161454,99.3307194307798,173.8782595293806,36.440378769749096,39.49056067359757,7.476649567053312,99.83467427487285,0.0
353.1211135782481,25.840731464710885,190.46027692022133,191.4983115741903,59.78213785879017,95.927136584629,0.4107607438138689,54.66105972289045,15.928400365187168,100.0,0.0
40.67439032094988,139.14294740231287,158.59873027850227,190.5739040716167,33.15442036954014,59.39851849704488,24.4183830759613,27.894806778754585,16.96648703550126,82.42207766198675,0.0
42.41885704259596,52.19321985654107,115.74012953844849,55.87126464815198,22.30489683220238,125.60191178145467,39.46184138863544,61.68467082029369,1.4377833133174067,58.31058625559574,2.0
493.31978925058775,101.24311371389156,129.36113206981938,146.3051230537163,27.649039568487876,86.04677278806346,23.269063091049567,46.703512745169355,5.579551782633326,100.0,0.0
187.13539787806016,5.424327661705631,186.11240540711452,115.71508227664476,5.010542650497185,101.77757632033828,-6.561303358464368,60.304294295308694,10.157420952617612,98.97351330749,0.0
185.32107353344543,120.09896052322748,85.6685588869921,47.49533900112481,47.51109584833589,154.68931659360973,10.651653352401352,47.41607200497872,6.329954948888663,99.24338181801153,0.0
406.39978362875127,164.96307634686315,66.27882778852748,52.43431034832309,5.732427086440584,149.17356789288348,-1.0078625159381644,49.94338760938452,15.67166009921507,100.0,0.0
473.6242886919293,185.8747778481261,195.4483130000898,98.2306348620901,71.84742147759252,241.85300402214764,-8.474861129034231,63.29574904081713,2.294667214977373,100.0,0.0
493.0005319114355,199.04710353861304,172.68862670206667,83.84738829947203,37.192945553285405,43.65883851443023,6.748034865260706,21.08530036692473,15.955965725731462,100.0,0.0
376.6890926294708,250.88739393073803,64.60871692372048,58.24586564625285,19.93647317471632,144.2980918262857,3.3052041527032863,24.111565903565296,12.357728343897474,100.0,0.0
188.1297927654579,64.63887218271901,92.75611947218457,161.50231926102978,55.43149362311066,223.79140142413095,29.438544940787704,81.12139725045164,5.78735437074966,99.09558830203106,0.0
41.750358349334384,36.14454673154038,83.0156258015598,96.29258352747698,97.37593072430136,145.5062123068789,8.684027053905023,34.607690122559234,6.889093768823582,61.01270741678053,1.0
388.5734579637184,255.46115156937768,29.819135734286785,130.96961247782556,69.51310490184183,108.30661907659164,26.647939019259823,71.62272360356104,3.657983101864029,100.0,0.0
279.2021248679025,46.98384446779497,191.5638647626518,91.37522361739352,49.17468501041602,142.46739174682529,-9.18805040253343,18.768427297948193,5.0514680059627555,100.0,0.0
212.11100462348813,127.12768028746709,80.86248624395176,106.70153250329734,77.69142992545063,254.60120966224216,-9.259393328330448,83.96619942862118,14.345377379649928,99.63890172912495,0.0
453.177192547368,252.76146881959113,175.0658165275816,63.5952098893243,73.74764718989887,297.12950948518727,-8.534327122622145,98.94052998270614,7.517682810823861,100.0,0.0
55.59874115307567,150.26298176687973,37.87124553613302,105.28272207897564,89.17354610577937,189.34298678683064,0.967922089129022,43.63218506870059,13.74968277374098,72.46553757856336,1.0
246.3125521454296,294.42642747660756,109.57416212744396,156.16516668218563,20.466894759394748,238.03321279461025,8.699389251428084,55.4977091723407,10.28215082203496,100.0,0.0
5.676822383709535,29.21301873240126,4.792277024853964,153.78264201825235,85.88775762587319,4.3466058477866,20.392290155842726,49.844078185582205,2.9059549928785144,24.525204403785267,3.0
234.33032099706313,90.9197283525305,152.84409676846172,70.84413560685519,30.10260870416989,264.1093228573718,39.29569429134864,90.47689737751212,9.981412955993845,100.0,0.0
28.15163784091867,191.46732451218344,116.18277964925568,138.85542341592782,94.09989278250973,286.21492797837544,7.720478350716629,10.894063392719165,15.12939691685266,96.89831574852244,0.0
59.40895813403597,105.00206054195364,125.11791669395052,188.2579900788554,28.106514894673516,172.55080252727114,-7.217054662141688,68.81133890474524,5.953510094486488,90.89585906692534,0.0
58.76312338855245,278.51176559423754,10.34417651093069,125.13386598498128,92.68485431626762,226.1414586180659,-0.2549919167075671,68.71314455231796,12.96163329373856,86.67539198544218,0.0
324.60515105803177,19.68782645334527,42.20766604172308,29.68202467652743,96.379071446408,153.82342288802246,34.8925916907431,44.414650746815774,3.980653090834167,100.0,0.0
373.02243963271167,164.82354961828938,14.866174470716032,135.94172585581902,14.549135745701424,85.86112213667691,24.96895950738544,29.74002779053131,2.7139791583350203,100.0,0.0
291.68438254857983,177.25988021853436,57.78286316076235,20.980877269862265,97.4499883262783,255.67439159490385,29.510041201927987,31.571441327353213,7.204522612479134,100.0,0.0
481.0862742372709,195.81843713316724,125.4878015364302,174.42208175860543,8.572296842928228,179.05101359878253,-3.791589716360369,82.0417709092502,7.7840718739934065,100.0,0.0
187.43528976185203,76.69986699954433,113.23719686347503,103.33209916038804,21.856778661252196,173.8149251374221,-3.250650564624604,15.949278673746312,15.220192607342044,100.0,0.0
142.85604314093035,109.36992825595934,122.42996432267805,77.02814726231591,44.41687808728045,197.73966115236192,-4.3876996227552,60.744173164692306,9.201575025356505,100.0,0.0
434.29956409473016,253.10415889949329,109.85025427557886,11.401318929938476,99.359736571171,256.8009497486545,32.85845821547625,37.6156542680439,1.624697906616395,100.0,0.0
111.79791925972631,58.48283069104795,54.60575913517187,76.15674691842193,48.85630511653793,219.57183773128932,0.4983804346802216,33.872303122148836,12.679989967107907,81.66556587476568,0.0
481.6112697203056,248.0603541520086,48.90149946888505,180.6413335831579,55.040944317848584,63.33725826472357,22.157587268986084,55.51638989779323,9.385065197320944,100.0,0.0
6.077237344908171,168.7966268708227,27.411936707316254,4.196599257260636,69.44249495236485,140.04706332219587,15.808318309162953,90.80753556517904,6.632864011306323,40.9596531215584,2.0
484.93941335381953,228.65625335822463,169.81417498069845,94.929631556361,96.82935582729512,294.08949959586187,17.219495593692685,65.62827271335978,16.044376172219724,100.0,0.0
21.57995597528806,214.08220987904147,123.29587170824888,186.23161822212447,78.33514001242445,166.3682141288324,-0.2282320804365873,80.97495649797912,3.087695804551689,91.5751491716515,0.0
445.5715568490355,62.253448615463704,37.30220250081195,78.96819995300422,22.415400442369855,281.4736060412396,21.762304672699475,64.06154013365929,18.264246879559263,100.0,0.0
263.85055454314994,170.6438209301619,35.441875964247906,85.63513749243008,30.299093066435468,244.01084589391684,-7.844973277083442,72.79442018854667,6.6812298063422215,100.0,0.0
496.48239805965017,260.31694584152774,174.60712030522734,115.71201103982398,9.76282396085244,199.80703254262764,39.673613812881435,48.916688391396605,9.218828896852552,100.0,0.0
36.89828236769943,129.63487104057882,148.54617275266386,92.58746671543668,64.44523641647399,104.80956079792657,-8.662054675363548,93.33834716873656,18.584659911203833,76.20804067526849,1.0
276.9271422006604,289.97723106699505,131.87981598107427,33.72033824751048,18.07403065392216,91.2958042576317,-7.492172964206891,55.17451183952448,15.224796634754153,100.0,0.0
484.6512678095495,135.6645300305154,81.37282150785995,3.711107813972081,25.74048884793657,193.02631958927637,6.232370994584066,59.65972023040868,1.486048676096392,100.0,0.0
261.5489220850744,42.83569100036541,52.39511285570351,121.96233159574032,88.8113655180377,129.76837225392325,31.581267788476907,57.246895292936465,11.565937175107411,100.0,0.0
314.6993190676313,116.83040402330197,195.89015262256476,184.16131740156243,32.67556753320152,239.62608684501816,2.8594605888371465,38.45701181484266,6.2072574334639,100.0,0.0
347.8743444923086,285.51072191716116,159.44791500456003,21.272826605433124,56.664671835416705,228.13702186205876,13.59675068956641,30.81145920392671,10.1697649968144,100.0,0.0
227.2705323838866,95.91625480195628,60.355844627255294,42.190543850550675,39.7566008789177,93.63914602155428,-9.101133441190353,16.64514677039995,14.859380832683229,100.0,0.0
313.77904004203174,260.42944796011886,169.51295925569897,74.0458971649947,7.403128740591359,210.8186349185286,-6.056034175817789,74.63574838022937,9.923458278373,100.0,0.0
292.15715596155013,264.37520450456697,151.7863897229363,161.74844580422393,36.28638298967051,148.36505702915522,20.398302427035357,36.03477368533337,1.4204375389009027,100.0,0.0
450.5790052454945,105.05595729958831,59.41610997559968,53.85206329419552,40.806820303593085,96.98763024419912,-0.2820765275285701,45.02781668760465,10.599610372193675,100.0,0.0
22.723190170728937,24.977297415189636,85.31057084832794,176.4108808557537,89.57011019115183,123.889977829392,24.712728150976268,92.79353464535914,0.482593331202874,59.62562626636644,2.0
140.48159479611516,217.36737274764548,37.19068907820533,10.991574930013282,32.445065364633955,268.60556016367855,29.269558750858856,60.980261447068635,6.968187147198826,99.08943301193816,0.0
475.20574203827937,93.4536897041958,22.21048887562187,188.19132425178697,37.92411197620679,107.85530763676216,32.51670997361416,18.737025751354444,9.560610458468634,100.0,0.0
445.13189194545816,234.8770842772717,144.55240656793936,112.14941557475298,78.28967686723345,86.21978199583741,-3.310033100033868,81.96507215414647,12.89347126753255,100.0,0.0
227.82837639285648,132.79645447812993,53.502371470773326,131.7555356975409,75.8956651211598,105.54216621304134,12.775427451596247,33.051753919850995,10.124135752433606,100.0,0.0
310.06629890076834,145.5800227027865,164.01187314925073,73.53790450727062,79.82852766484908,64.38553086260751,37.35407249519229,59.74352583815642,3.038936210943377,100.0,0.0
138.69059149056633,233.37282202456103,199.1217423028852,156.39885710221208,95.3770740076004,163.3904962188986,28.60417712221539,55.898332737759155,18.644351279220835,100.0,0.0
94.06057986188064,114.70899931848837,15.323962785929734,33.31325001688121,79.55574983947842,44.230930896759666,-4.151980907692584,31.427095811669265,13.00599345502284,54.043371403570475,2.0
231.84920246999107,132.93820359687436,94.60702501674004,9.782365055697406,40.76082032178909,245.2331359310749,15.125012250919712,20.419393131512297,6.339355702498151,100.0,0.0
176.67611401302642,112.85714063088663,160.4125118621606,79.10338862151143,82.15085168980919,67.67407417368783,36.11902909194194,29.013544584547127,19.31879390262083,100.0,0.0
291.82805592543605,110.20215458318398,157.7901793082467,170.7391427962079,50.86746320899383,179.4165082618937,12.001940276159292,18.7604019607569,17.651552182179795,100.0,0.0
38.86731848249242,157.7839730704378,151.9994316661937,150.98536732753894,27.77140325185653,37.50764967596807,31.870880442048435,34.80652170568911,2.8698017735632786,76.33931693719319,1.0
487.1974038330832,242.6398333503452,69.79898706038219,103.4311940977916,30.291706813101243,293.53594446429787,14.792186059427866,99.7567759663718,13.10858190213127,100.0,0.0
493.10537223980145,108.53049357676976,90.77065113701046,114.4275494330707,22.38423885633983,136.37263766809414,-4.6594161377123156,46.18830387172443,11.201389041730971,100.0,0.0
