person_age,person_gender,person_education,person_income,person_emp_exp,person_home_ownership,loan_amnt,loan_intent,loan_int_rate,loan_percent_income,cb_person_cred_hist_length,credit_score,previous_loan_defaults_on_file,loan_status
22.0,0.0,0.0,4275.948000000007,0,0.0,35000.0,0.0,14.2558,0.49,3.0,561.0,0.0,1
21.0,0.0,1.0,136210.00100000005,0,1.0,6222.64,1.0,10.631899999999998,0.08,2.0,619.55,1.0,0
25.0,0.0,1.0,66751.635,3,2.0,11961.958,2.0,11.790500000000002,0.23670000000000013,3.0,635.0,0.0,1
23.0,0.0,2.0,69645.048,0,0.0,20103.291000000012,2.0,13.203700000000003,0.44,2.0,645.57,0.0,1
24.0,1.0,0.0,62525.385999999984,1,0.0,14232.664,2.0,11.555700000000003,0.2867000000000002,4.0,586.0,0.0,1
21.0,0.0,1.0,12951.0,0,1.0,7301.5779999999995,3.0,7.14,0.19,2.0,623.7,0.0,1
26.0,0.0,2.0,70377.45899999999,1,0.0,23340.0,1.0,12.42,0.3690999999999998,3.0,644.44,0.0,1
24.0,0.0,1.0,85887.17599999999,5,0.0,35000.0,2.0,11.11,0.34900000000000014,4.0,585.0,0.0,1
24.0,0.0,3.0,95204.22999999998,3,0.0,22785.0,0.0,8.9,0.2633000000000002,2.0,630.34,0.0,1
21.0,0.0,1.0,40510.39600000001,0,1.0,7633.906,3.0,14.74,0.33709999999999996,3.0,620.6,0.0,1
22.0,0.0,1.0,22805.957000000002,0,0.0,19290.553999999993,3.0,12.363700000000001,0.4841999999999998,4.0,511.0,0.0,1
21.0,0.0,3.0,30192.987,0,1.0,9905.75,4.0,8.63,0.3754000000000002,2.0,610.92,0.0,1
23.0,1.0,2.0,118307.88899999998,3,0.0,23413.641,3.0,7.9,0.21190000000000012,2.0,649.12,0.0,1
26.0,1.0,0.0,130713.0,0,0.0,35000.0,1.0,18.39,0.27,4.0,708.0,0.0,1
23.0,0.0,3.0,108417.58900000002,0,0.0,35000.0,1.0,7.9,0.2656999999999998,4.0,583.0,0.0,0
23.0,0.0,0.0,95031.65800000004,5,2.0,11373.058,5.0,11.2826,0.1959000000000001,3.0,783.0,1.0,0
23.0,1.0,2.0,128697.344,0,0.0,22966.141,1.0,7.9,0.18489999999999998,4.0,638.07,0.0,0
23.0,0.0,1.0,111369.0,0,0.0,21432.526,2.0,20.0,0.31,4.0,640.77,0.0,1
23.0,1.0,2.0,54277.473,0,0.0,35000.0,5.0,18.25,0.4692000000000002,4.0,709.0,0.0,1
24.0,0.0,0.0,14283.0,1,2.0,5736.968000000001,1.0,10.99,0.12,2.0,626.83,0.0,1
25.0,1.0,2.0,129503.51399999998,0,0.0,22048.607000000004,3.0,7.49,0.19149999999999995,4.0,636.62,1.0,0
25.0,1.0,1.0,95086.36399999997,4,0.0,18089.458,0.0,12.0396,0.20770000000000008,2.0,662.0,0.0,0
22.0,0.0,0.0,45987.64833333334,0,0.0,17592.2,1.0,12.615299999999996,0.4259000000000001,4.0,691.0,0.0,1
24.0,0.0,2.0,13866.0,0,1.0,5790.633000000001,0.0,7.29,0.11,3.0,608.21,1.0,0
22.0,1.0,2.0,97420.0,1,0.0,22585.0,0.0,12.5241,0.35,4.0,691.0,0.0,1
24.0,0.0,1.0,82443.0,0,0.0,22835.557999999997,4.0,12.3059,0.4,3.0,654.0,0.0,1
21.0,0.0,3.0,14288.0,0,2.0,8707.235999999999,3.0,10.7579,0.32,3.0,626.0,0.0,1
23.0,1.0,1.0,14293.0,0,1.0,5678.883000000001,0.0,9.32,0.1,3.0,608.56,0.0,0
24.0,0.0,2.0,79054.0,1,0.0,22605.557999999997,4.0,12.558100000000003,0.41,3.0,700.0,0.0,1
21.0,0.0,2.0,14988.0,0,3.0,7138.658,1.0,12.84,0.27,2.0,627.92,0.0,1
21.0,1.0,1.0,14858.0,0,1.0,2000.0,2.0,11.12,0.13,3.0,589.0,0.0,1
25.0,1.0,2.0,144855.0,1,0.0,15868.561000000005,3.0,11.114899999999999,0.22,2.0,586.0,1.0,0
26.0,1.0,2.0,114645.0,2,0.0,23150.0,4.0,13.23189999999999,0.27,3.0,681.0,0.0,1
25.0,0.0,1.0,368115.0,3,0.0,24250.0,5.0,13.85,0.07,3.0,567.0,1.0,0
26.0,0.0,3.0,361076.0,1,2.0,8487.589999999998,2.0,11.894100000000005,0.02,4.0,669.0,0.0,0
21.0,1.0,3.0,15150.0,0,1.0,2500.0,1.0,7.51,0.17,4.0,600.0,0.0,1
22.0,0.0,2.0,58868.0,0,0.0,30000.0,1.0,18.39,0.51,2.0,606.0,0.0,1
24.0,1.0,1.0,78026.0,3,0.0,30000.0,5.0,14.54,0.38,3.0,582.0,0.0,1
25.0,1.0,2.0,90785.0,4,0.0,30000.0,4.0,16.89,0.33,4.0,649.0,0.0,1
23.0,0.0,1.0,86811.0,0,0.0,30000.0,5.0,11.01,0.35,4.0,602.0,0.0,1
26.0,1.0,2.0,75503.0,5,0.0,30000.0,2.0,17.99,0.4,2.0,616.0,0.0,1
24.0,0.0,1.0,98627.6,0,1.0,16066.04,3.0,11.510300000000003,0.2875,3.0,630.42,0.0,1
26.0,1.0,2.0,361293.0,5,2.0,20000.0,3.0,7.88,0.06,4.0,684.0,1.0,0
23.0,1.0,1.0,361547.0,0,1.0,24250.0,1.0,19.41,0.07,2.0,637.0,1.0,0
26.0,1.0,0.0,360680.0,5,1.0,10000.0,4.0,10.38,0.03,4.0,649.0,0.0,0
26.0,1.0,2.0,360977.0,5,2.0,25000.0,1.0,15.33,0.07,3.0,695.0,1.0,0
25.0,0.0,2.0,361244.0,2,2.0,14500.662,4.0,16.45,0.05,3.0,636.69,0.0,0
26.0,1.0,2.0,98230.0,2,0.0,30000.0,0.0,7.49,0.31,3.0,622.0,0.0,1
22.0,0.0,1.0,80838.0,0,0.0,30000.0,2.0,12.69,0.37,3.0,645.0,0.0,1
26.0,1.0,0.0,107957.0,2,0.0,30000.0,5.0,6.62,0.28,3.0,654.0,0.0,1
24.0,0.0,2.0,94649.0,2,0.0,30000.0,5.0,11.01,0.32,4.0,624.0,0.0,1
23.0,1.0,1.0,270478.5,1,0.0,4985.348000000003,5.0,10.4147,0.052399999999999974,3.0,628.23,0.0,1
23.0,1.0,2.0,111153.0,3,0.0,30000.0,0.0,15.23,0.27,3.0,648.0,0.0,1
23.0,0.0,3.0,117250.0,0,0.0,30000.0,3.0,10.65,0.26,2.0,652.0,0.0,1
25.0,1.0,2.0,144985.0,3,0.0,20165.013,1.0,7.9,0.21,4.0,638.85,0.0,0
26.0,1.0,1.0,337133.0,7,0.0,10000.0,0.0,15.96,0.03,3.0,623.0,1.0,0
26.0,1.0,3.0,333566.0,2,0.0,5490.901000000004,3.0,10.540099999999997,0.02300000000000001,3.0,627.87,1.0,0
23.0,1.0,2.0,333399.0,1,1.0,10730.978000000001,0.0,11.01,0.1,4.0,621.22,0.0,0
25.0,1.0,0.0,154793.0,1,0.0,30000.0,0.0,7.29,0.19,4.0,573.0,1.0,0
24.0,1.0,3.0,15229.0,1,1.0,1750.0,3.0,11.01,0.11,3.0,631.0,1.0,0
21.0,0.0,2.0,158338.0,0,0.0,30000.0,3.0,5.99,0.19,4.0,623.0,1.0,0
22.0,0.0,2.0,331034.0,0,1.0,13004.628999999999,3.0,11.58,0.04,2.0,620.91,1.0,0
26.0,0.0,1.0,316466.0,6,2.0,10000.0,1.0,11.01,0.03,4.0,579.0,0.0,1
25.0,0.0,3.0,267671.0,0,2.0,25000.0,2.0,15.7,0.09,2.0,582.0,0.0,1
22.0,1.0,0.0,85191.0,0,0.0,21725.0,1.0,11.41,0.34,3.0,700.0,0.0,1
22.0,1.0,3.0,15013.0,0,2.0,2018.628,1.0,14.84,0.1,3.0,602.87,0.0,0
26.0,1.0,2.0,313100.0,3,1.0,28000.0,4.0,10.99,0.09,3.0,607.0,1.0,0
25.0,0.0,2.0,-42604.1,0,2.0,20000.0,4.0,15.624700000000004,0.29,2.0,565.31,1.0,0
24.0,1.0,1.0,306897.0,5,2.0,15596.0,1.0,6.99,0.03,2.0,626.34,1.0,0
25.0,0.0,2.0,301136.0,0,0.0,25000.0,2.0,13.49,0.08,4.0,664.0,1.0,0
25.0,1.0,1.0,15162.0,1,1.0,4790.0,2.0,11.01,0.2,3.0,614.29,0.0,1
22.0,1.0,3.0,69042.0,0,0.0,28000.0,2.0,11.01,0.41,2.0,598.0,0.0,1
21.0,0.0,1.0,15307.0,0,1.0,6051.25,1.0,13.61,0.2,3.0,627.76,0.0,1
23.0,0.0,3.0,79183.0,0,0.0,28000.0,1.0,7.9,0.35,2.0,677.0,0.0,1
26.0,1.0,2.0,102654.0,4,0.0,19958.641,3.0,7.49,0.27,3.0,631.0,0.0,1
26.0,1.0,3.0,15229.0,1,1.0,7266.908,1.0,10.735100000000005,0.4,3.0,599.0,0.0,1
22.0,1.0,1.0,106566.0,0,0.0,28000.0,3.0,9.91,0.26,3.0,604.0,0.0,1
21.0,0.0,2.0,109787.9,0,1.0,1412.162,0.0,12.201,-0.01,4.0,605.0,0.0,1
22.0,1.0,2.0,15432.0,3,1.0,6808.566000000001,5.0,7.14,0.31,2.0,601.32,0.0,1
24.0,1.0,1.0,100332.0,1,0.0,28000.0,3.0,15.99,0.28,4.0,634.0,0.0,1
24.0,1.0,2.0,300951.0,2,0.0,18613.21,1.0,12.98,0.06,3.0,645.12,0.0,0
144.0,1.0,2.0,300616.0,125,0.0,4412.897999999998,3.0,13.57,0.02,3.0,641.94,0.0,0
25.0,0.0,2.0,121062.0,1,0.0,20180.0,5.0,12.69,0.23,3.0,649.28,0.0,0
26.0,1.0,3.0,133372.0,1,0.0,19745.026,1.0,8.9,0.21,2.0,650.41,1.0,0
26.0,1.0,2.0,15505.0,0,1.0,2896.0,5.0,11.444300000000004,0.17,4.0,587.0,0.0,1
22.0,1.0,0.0,130852.0,0,0.0,28000.0,1.0,11.01,0.21,4.0,683.0,0.0,1
23.0,1.0,3.0,182316.0,0,0.0,28000.0,5.0,11.11,0.15,2.0,634.0,1.0,0
24.0,0.0,2.0,83853.0,3,0.0,21447.5,4.0,13.089800000000004,0.33,2.0,690.0,0.0,1
21.0,0.0,2.0,15394.0,0,2.0,6226.132,5.0,11.224599999999995,0.26819999999999994,3.0,620.01,0.0,1
22.0,0.0,2.0,85243.0,0,0.0,18133.08,1.0,10.666300000000001,0.32,3.0,583.0,0.0,1
22.0,1.0,3.0,288907.0,2,1.0,25000.0,0.0,11.01,0.09,2.0,617.0,1.0,0
26.0,1.0,3.0,89074.0,4,0.0,21097.557999999997,3.0,13.643100000000006,0.3,2.0,668.0,0.0,1
24.0,1.0,0.0,100509.0,2,0.0,20012.5,0.0,13.49,0.27,2.0,644.97,0.0,1
24.0,1.0,1.0,88950.0,3,0.0,20657.526,3.0,11.01,0.3,3.0,637.5,0.0,1
23.0,0.0,1.0,75894.0,1,0.0,22515.0,2.0,11.71,0.31950000000000006,2.0,536.0,0.0,1
23.0,1.0,3.0,145092.0,0,0.0,21385.325,1.0,12.69,0.16170000000000012,3.0,557.0,1.0,0
24.0,0.0,2.0,15928.0,1,1.0,4160.0,2.0,13.57,0.18119999999999997,3.0,689.0,1.0,0
22.0,1.0,2.0,73131.0,3,0.0,21700.0,3.0,10.99,0.31009999999999993,3.0,681.0,0.0,1
25.0,1.0,0.0,281501.0,4,2.0,20000.0,2.0,14.27,0.07,4.0,623.0,1.0,0
24.0,0.0,3.0,281775.0,0,1.0,20000.0,4.0,8.88,0.07,4.0,595.0,1.0,0
26.0,1.0,2.0,281792.0,1,2.0,17524.873,4.0,12.18,0.08,3.0,644.15,1.0,0
25.0,1.0,2.0,266090.0,4,2.0,24237.007,5.0,14.42,0.11110000000000002,3.0,669.0,0.0,1
26.0,1.0,1.0,279664.0,3,2.0,25000.0,2.0,14.17,0.09,2.0,642.0,1.0,0
25.0,0.0,1.0,277017.0,4,2.0,35000.0,2.0,13.99,0.13,4.0,622.0,1.0,0
23.0,1.0,3.0,100756.0,0,0.0,23274.615,1.0,10.99,0.25510000000000005,3.0,689.0,0.0,1
22.0,1.0,1.0,16218.0,1,2.0,2699.3909999999996,0.0,5.42,0.12,4.0,608.73,0.0,1
25.0,0.0,2.0,16211.0,2,1.0,4114.75,0.0,13.61,0.1862,3.0,629.0,1.0,0
21.0,0.0,2.0,51922.0,3,0.0,25000.0,1.0,12.73,0.48,3.0,673.0,0.0,1
24.0,1.0,3.0,50309.0,3,0.0,25000.0,4.0,11.01,0.5,3.0,625.0,0.0,1
25.0,1.0,1.0,16378.0,0,1.0,3000.0,5.0,12.87,0.18,4.0,603.0,0.0,1
24.0,1.0,2.0,16572.0,0,2.0,3952.75,4.0,9.91,0.21260000000000004,3.0,589.0,0.0,1
26.0,1.0,0.0,272201.0,5,2.0,20000.0,4.0,11.49,0.07,4.0,670.0,1.0,0
25.0,0.0,2.0,271324.0,3,2.0,11052.527000000002,4.0,19.91,0.11,2.0,630.23,1.0,0
26.0,1.0,3.0,256862.0,2,2.0,9548.589000000002,1.0,10.65,0.14,2.0,623.18,0.0,1
24.0,1.0,1.0,271342.0,0,0.0,4580.667,2.0,11.01,0.02,4.0,619.27,1.0,0
24.0,1.0,1.0,16470.0,2,2.0,5227.454000000001,5.0,11.83,0.27,4.0,605.43,0.0,1
23.0,1.0,1.0,16599.0,0,1.0,3018.5,5.0,13.49,0.14,2.0,597.11,0.0,1
22.0,1.0,2.0,51608.0,0,0.0,25000.0,2.0,14.59,0.48,2.0,593.0,0.0,1
26.0,0.0,0.0,58516.0,6,0.0,25000.0,1.0,9.64,0.43,4.0,686.0,0.0,1
25.0,0.0,3.0,16395.0,4,1.0,5299.75,2.0,14.59,0.22,3.0,634.06,0.0,1
22.0,0.0,2.0,16890.0,0,1.0,4750.0,1.0,11.01,0.28,3.0,645.0,0.0,1
25.0,0.0,3.0,51747.0,3,0.0,25000.0,1.0,16.35,0.48,3.0,697.0,0.0,1
21.0,1.0,1.0,59864.0,0,0.0,25000.0,1.0,10.99,0.42,2.0,648.0,0.0,1
25.0,1.0,0.0,270972.0,1,2.0,25000.0,3.0,18.67,0.09,2.0,640.0,1.0,0
26.0,1.0,2.0,270870.0,5,0.0,3000.0,1.0,9.32,0.01,4.0,681.0,0.0,0
23.0,0.0,3.0,270729.0,0,0.0,7500.0,5.0,8.63,0.03,2.0,646.0,0.0,0
26.0,1.0,2.0,270877.0,4,2.0,25000.0,3.0,10.08,0.09,2.0,615.0,1.0,0
22.0,1.0,3.0,60501.0,0,0.0,25000.0,0.0,11.83,0.41,3.0,687.0,0.0,1
23.0,1.0,1.0,60754.0,1,0.0,25000.0,5.0,7.9,0.41,3.0,650.0,0.0,1
25.0,1.0,2.0,60829.0,0,0.0,25000.0,4.0,5.99,0.41,2.0,588.0,0.0,1
24.0,1.0,2.0,53825.0,2,0.0,25000.0,5.0,15.33,0.46,2.0,652.0,0.0,1
23.0,1.0,1.0,60801.0,0,0.0,25000.0,3.0,11.83,0.41,4.0,658.0,0.0,1
22.0,1.0,1.0,60747.0,0,0.0,25000.0,3.0,10.36,0.41,2.0,634.0,0.0,1
22.0,0.0,1.0,61029.0,0,0.0,25000.0,3.0,12.23,0.41,3.0,623.0,0.0,1
22.0,0.0,3.0,63236.0,0,0.0,25000.0,1.0,11.11,0.4,4.0,635.0,0.0,1
23.0,0.0,2.0,17149.0,0,1.0,4950.0,5.0,7.9,0.29,4.0,531.0,0.0,1
24.0,0.0,0.0,265066.0,4,2.0,25000.0,1.0,11.58,0.09,2.0,665.0,1.0,0
23.0,1.0,3.0,260205.0,2,2.0,21000.0,5.0,8.9,0.08,3.0,703.0,0.0,0
25.0,0.0,3.0,260035.0,5,2.0,25000.0,1.0,16.07,0.1,3.0,585.0,1.0,0
26.0,0.0,2.0,260444.0,4,2.0,20000.0,1.0,14.22,0.08,2.0,594.0,0.0,0
23.0,1.0,2.0,258980.0,0,2.0,35000.0,2.0,14.79,0.14,3.0,618.0,1.0,0
26.0,1.0,1.0,259081.0,2,2.0,12000.0,1.0,7.88,0.05,2.0,626.0,1.0,0
23.0,1.0,1.0,63497.0,0,0.0,25000.0,0.0,13.22,0.39,2.0,695.0,0.0,1
26.0,0.0,4.0,56325.0,2,0.0,25000.0,5.0,11.86,0.44,4.0,690.0,0.0,1
22.0,1.0,2.0,64842.0,0,0.0,25000.0,1.0,13.43,0.39,4.0,574.0,0.0,1
26.0,0.0,1.0,57856.0,0,0.0,25000.0,4.0,15.28,0.43,2.0,602.0,0.0,1
23.0,1.0,3.0,57318.0,0,0.0,25000.0,3.0,17.93,0.44,2.0,679.0,0.0,1
23.0,0.0,1.0,16916.0,2,2.0,1400.0,1.0,9.25,0.08,4.0,615.0,0.0,0
21.0,1.0,0.0,16664.0,0,1.0,4500.0,3.0,12.98,0.27,4.0,601.0,0.0,1
22.0,1.0,3.0,252803.0,0,2.0,16000.0,3.0,10.62,0.06,4.0,577.0,1.0,0
26.0,0.0,3.0,253061.0,3,1.0,22000.0,0.0,11.83,0.09,4.0,588.0,1.0,0
26.0,1.0,2.0,58602.0,8,0.0,25000.0,3.0,18.43,0.43,2.0,595.0,0.0,1
22.0,1.0,1.0,67012.0,2,0.0,25000.0,1.0,11.01,0.37,4.0,653.0,0.0,1
24.0,0.0,0.0,66643.0,3,0.0,25000.0,4.0,11.01,0.38,4.0,663.0,0.0,1
23.0,1.0,2.0,66599.0,0,0.0,25000.0,1.0,11.36,0.38,3.0,653.0,0.0,1
23.0,1.0,3.0,67212.0,2,0.0,25000.0,1.0,15.65,0.37,3.0,598.0,0.0,1
24.0,0.0,1.0,66918.0,1,0.0,25000.0,0.0,13.22,0.37,4.0,630.0,0.0,1
26.0,1.0,3.0,68066.0,2,0.0,25000.0,5.0,12.87,0.37,2.0,637.0,0.0,1
24.0,1.0,3.0,245545.0,1,1.0,20000.0,2.0,13.04,0.08,3.0,660.0,1.0,0
23.0,1.0,3.0,229083.0,0,2.0,22000.0,1.0,17.58,0.1,3.0,639.0,0.0,1
23.0,1.0,1.0,17859.0,0,1.0,7750.0,0.0,17.04,0.43,4.0,626.0,0.0,1
24.0,0.0,3.0,72608.0,3,0.0,25000.0,0.0,10.99,0.34,3.0,612.0,0.0,1
24.0,1.0,2.0,73073.0,1,0.0,25000.0,0.0,11.11,0.34,3.0,628.0,0.0,1
26.0,0.0,0.0,65880.0,2,0.0,25000.0,5.0,14.83,0.38,2.0,592.0,0.0,1
23.0,1.0,1.0,17755.0,1,1.0,4000.0,5.0,11.01,0.23,3.0,580.0,0.0,1
24.0,1.0,2.0,241180.0,3,0.0,12000.0,2.0,12.69,0.05,2.0,634.0,0.0,0
24.0,1.0,3.0,240894.0,3,2.0,12000.0,4.0,13.49,0.05,2.0,678.0,0.0,0
21.0,1.0,1.0,240980.0,0,2.0,16000.0,1.0,14.65,0.07,4.0,557.0,1.0,0
25.0,1.0,2.0,65742.0,3,0.0,25000.0,4.0,16.82,0.38,4.0,672.0,0.0,1
23.0,1.0,2.0,72713.0,0,0.0,25000.0,0.0,12.73,0.34,3.0,613.0,0.0,1
23.0,1.0,1.0,72627.0,3,0.0,25000.0,0.0,10.25,0.34,4.0,566.0,0.0,1
21.0,1.0,3.0,72843.0,0,0.0,25000.0,1.0,10.99,0.34,4.0,718.0,0.0,1
25.0,1.0,1.0,75504.0,4,0.0,25000.0,2.0,12.404800000000002,0.33,2.0,626.8,0.0,1
22.0,0.0,1.0,68824.0,0,0.0,-2157.7,4.0,12.622999999999998,0.05,3.0,608.07,0.0,1
23.0,0.0,2.0,241167.0,2,2.0,28000.0,1.0,11.01,0.12,2.0,653.0,1.0,0
21.0,1.0,2.0,241060.0,0,2.0,25000.0,5.0,13.99,0.1,2.0,699.0,0.0,0
24.0,1.0,1.0,240855.0,0,2.0,24000.0,3.0,7.49,0.1,4.0,656.0,1.0,0
26.0,1.0,1.0,241030.0,3,2.0,15000.0,1.0,14.79,0.06,3.0,626.0,1.0,0
25.0,1.0,1.0,14215.5,2,2.0,15500.0,5.0,17.76,-0.19,2.0,607.0,0.0,0
24.0,0.0,1.0,240932.0,4,0.0,10000.0,1.0,8.49,0.04,4.0,604.0,1.0,0
24.0,1.0,3.0,80145.0,1,0.0,25000.0,1.0,9.91,0.31,2.0,636.0,0.0,1
22.0,1.0,0.0,80303.0,0,0.0,25000.0,1.0,13.06,0.3140999999999997,3.0,662.63,0.0,1
22.0,1.0,1.0,241048.0,0,2.0,9000.0,5.0,6.17,0.04,4.0,587.0,1.0,0
144.0,1.0,3.0,241424.0,121,2.0,6000.0,1.0,10.927300000000002,0.02,2.0,618.9,0.0,0
25.0,1.0,2.0,241005.0,4,0.0,18000.0,1.0,16.32,0.07,3.0,708.0,1.0,0
25.0,0.0,0.0,240768.0,2,2.0,12000.0,3.0,10.38,0.05,2.0,669.0,1.0,0
25.0,1.0,3.0,241201.0,2,2.0,23050.0,0.0,14.35,0.1,3.0,578.0,0.0,0
24.0,1.0,2.0,296401.0,5,2.0,20000.0,5.0,11.01,-0.19,3.0,615.0,0.0,0
24.0,0.0,0.0,72919.0,1,0.0,25000.0,5.0,11.01,0.34309999999999996,2.0,649.06,0.0,1
21.0,1.0,0.0,18008.0,0,1.0,3000.0,4.0,11.01,0.17,4.0,635.0,0.0,1
26.0,0.0,3.0,81238.0,3,0.0,25000.0,0.0,15.21,0.31,2.0,531.0,0.0,1
23.0,1.0,1.0,80868.0,1,0.0,25000.0,1.0,7.9,0.31,4.0,621.0,0.0,1
24.0,1.0,2.0,81537.0,1,0.0,25000.0,3.0,10.99,0.31,3.0,674.0,0.0,1
24.0,0.0,3.0,82741.0,0,0.0,25000.0,0.0,14.09,0.3,3.0,688.0,0.0,1
25.0,0.0,1.0,83901.0,3,0.0,25000.0,0.0,17.49,0.3,2.0,597.0,0.0,1
25.0,1.0,3.0,240717.0,1,2.0,12000.0,1.0,11.48,0.05,3.0,640.0,0.0,0
26.0,0.0,3.0,226744.0,0,2.0,20000.0,3.0,17.74,0.09,2.0,621.0,0.0,1
26.0,0.0,2.0,241114.0,5,2.0,3000.0,0.0,13.92,0.01,3.0,608.0,1.0,0
25.0,1.0,2.0,85284.0,3,0.0,25000.0,1.0,15.21,0.29,3.0,653.0,0.0,1
22.0,0.0,2.0,18152.0,0,1.0,4000.0,2.0,10.99,0.22,3.0,585.0,0.0,1
24.0,0.0,1.0,84871.0,3,0.0,25000.0,1.0,11.86,0.29,4.0,569.0,0.0,1
24.0,1.0,2.0,18294.0,2,1.0,6000.0,0.0,7.49,0.33,3.0,587.0,0.0,1
24.0,1.0,2.0,68029.0,1,0.0,25000.0,2.0,16.49,0.37,4.0,631.0,0.0,1
25.0,0.0,1.0,214612.3,4,0.0,25000.0,3.0,8.03,0.31,2.0,536.0,0.0,1
26.0,0.0,1.0,216021.8,6,0.0,909.8,4.0,15.74,0.31,4.0,591.0,0.0,1
25.0,1.0,1.0,18449.0,1,1.0,5375.0,1.0,5.79,0.29,2.0,645.0,0.0,1
25.0,1.0,3.0,88153.0,0,0.0,25000.0,2.0,13.11,0.28,2.0,669.0,0.0,1
23.0,0.0,2.0,90109.0,0,0.0,25000.0,2.0,10.36,0.28,3.0,653.0,0.0,1
25.0,1.0,2.0,90938.0,1,0.0,25000.0,5.0,10.36,0.27,2.0,577.0,0.0,1
24.0,1.0,1.0,231335.0,0,0.0,22000.0,2.0,11.01,0.1,2.0,668.0,1.0,0
21.0,1.0,2.0,231829.0,0,2.0,20000.0,3.0,6.54,0.09,4.0,629.0,0.0,0
25.0,0.0,3.0,230516.0,4,2.0,10000.0,2.0,12.53,0.04,4.0,643.0,0.0,0
26.0,1.0,2.0,229626.0,0,2.0,15000.0,0.0,11.01,0.07,3.0,626.0,0.0,0
22.0,1.0,2.0,228907.0,0,2.0,10000.0,3.0,11.01,0.04,3.0,560.0,1.0,0
24.0,1.0,2.0,90938.0,0,0.0,25000.0,1.0,10.25,0.27,4.0,648.0,0.0,1
22.0,1.0,3.0,86284.0,0,0.0,25000.0,1.0,15.95,0.29,4.0,648.0,0.0,1
26.0,1.0,3.0,228774.0,3,2.0,20000.0,3.0,12.18,0.09,4.0,669.0,1.0,0
23.0,1.0,1.0,229027.0,2,1.0,24000.0,0.0,11.83,0.1,3.0,536.0,1.0,0
23.0,1.0,1.0,94789.0,1,0.0,25000.0,5.0,11.01,0.26370000000000027,2.0,630.6,0.0,1
23.0,0.0,0.0,94780.0,0,0.0,25000.0,3.0,10.62,0.26,3.0,667.0,0.0,1
23.0,1.0,1.0,95298.0,0,0.0,25000.0,3.0,10.74,0.26,3.0,676.0,0.0,1
25.0,1.0,3.0,223944.0,1,1.0,10000.0,3.0,10.25,0.04,4.0,570.0,1.0,0
24.0,1.0,1.0,222629.0,0,2.0,35000.0,1.0,12.42,0.16,2.0,623.0,0.0,0
25.0,0.0,2.0,222973.0,2,0.0,15000.0,3.0,15.27,0.07,2.0,652.0,1.0,0
24.0,0.0,1.0,75240.0,1,0.0,25000.0,2.0,15.33,0.33,2.0,625.0,0.0,1
23.0,0.0,1.0,96143.0,1,0.0,25000.0,3.0,15.21,0.26,2.0,642.0,0.0,1
21.0,1.0,2.0,18064.0,0,1.0,6250.0,3.0,14.72,0.35,2.0,580.0,0.0,1
24.0,1.0,3.0,96627.0,2,0.0,25000.0,0.0,15.7,0.26,2.0,622.0,0.0,1
24.0,1.0,2.0,79440.3,3,0.0,10200.4,1.0,13.35,0.01,4.0,676.0,0.0,1
21.0,0.0,1.0,18421.0,1,2.0,1500.0,2.0,11.01,0.08,4.0,623.0,0.0,0
24.0,1.0,0.0,96836.0,1,0.0,25000.0,1.0,6.62,0.26,2.0,583.0,0.0,1
26.0,1.0,2.0,14965.0,4,0.0,4840.7,5.0,11.4834,0.01,4.0,612.85,0.0,1
22.0,0.0,3.0,222975.0,2,0.0,25000.0,2.0,11.36,0.11,2.0,593.0,1.0,0
26.0,1.0,3.0,222985.0,3,1.0,5000.0,0.0,7.68,0.02,2.0,659.0,1.0,0
24.0,0.0,2.0,223064.0,0,0.0,22000.0,4.0,14.46,0.1,4.0,655.0,1.0,0
23.0,1.0,3.0,221559.0,2,1.0,2500.0,1.0,11.83,0.01,2.0,583.0,1.0,0
24.0,0.0,3.0,207712.0,0,2.0,20000.0,5.0,13.47,0.1,4.0,582.0,0.0,1
24.0,0.0,2.0,220872.0,1,2.0,20000.0,2.0,11.49,0.09009999999999993,3.0,629.21,1.0,0
22.0,1.0,1.0,220518.0,0,2.0,1000.0,1.0,11.01,0.12449999999999996,2.0,612.26,1.0,0
25.0,0.0,3.0,220510.0,1,2.0,15000.0,0.0,10.926699999999999,0.07,3.0,617.17,1.0,0
23.0,0.0,2.0,89818.0,0,0.0,25000.0,5.0,16.35,0.28,4.0,674.0,0.0,1
26.0,0.0,1.0,90006.0,4,0.0,20038.906,5.0,13.880700000000004,0.24450000000000016,4.0,644.96,0.0,1
25.0,0.0,1.0,98704.0,6,0.0,25000.0,5.0,7.29,0.25,3.0,597.0,0.0,1
23.0,1.0,1.0,98967.0,5,0.0,25000.0,2.0,11.36,0.25,3.0,566.0,0.0,1
24.0,1.0,1.0,99435.0,3,0.0,25000.0,3.0,10.25,0.25,2.0,666.0,0.0,0
24.0,0.0,2.0,91074.5,1,0.0,25000.0,1.0,11.978900000000003,0.25,3.0,626.56,0.0,0
24.0,0.0,2.0,100435.0,2,0.0,25000.0,0.0,12.92,0.25,3.0,576.0,1.0,0
24.0,1.0,1.0,216925.0,5,0.0,18000.0,1.0,18.64,0.08,4.0,651.0,1.0,0
23.0,0.0,2.0,216891.0,0,2.0,28000.0,0.0,7.51,0.13,3.0,633.0,1.0,0
23.0,1.0,0.0,18512.0,1,1.0,4000.0,4.0,16.7,0.22,2.0,566.0,0.0,1
22.0,1.0,0.0,18367.0,0,1.0,2100.0,0.0,11.14,0.11,4.0,583.0,0.0,0
22.0,0.0,3.0,102317.0,0,0.0,25000.0,0.0,18.3,0.24,4.0,586.0,1.0,0
24.0,0.0,3.0,103400.0,4,0.0,25000.0,2.0,10.62,0.24,4.0,592.0,1.0,0
24.0,1.0,2.0,217134.0,2,2.0,14000.0,3.0,11.99,0.06,2.0,598.0,1.0,0
26.0,1.0,0.0,217024.0,1,2.0,12000.0,3.0,9.63,0.06,4.0,637.0,1.0,0
25.0,0.0,1.0,172215.0,5,2.0,10000.0,2.0,18.25,0.06,4.0,628.0,0.0,1
23.0,1.0,0.0,18831.0,0,2.0,6000.0,5.0,11.01,0.32,4.0,667.0,0.0,1
24.0,1.0,3.0,105349.0,5,0.0,25000.0,4.0,14.84,0.24,3.0,621.0,1.0,0
24.0,1.0,2.0,91184.0,1,0.0,25000.0,3.0,14.7,0.27,3.0,668.0,0.0,1
23.0,0.0,1.0,91886.0,1,0.0,25000.0,5.0,16.02,0.27230000000000015,4.0,638.42,0.0,1
23.0,1.0,3.0,220943.5,2,0.0,8381.914,2.0,10.346899999999998,0.15210000000000007,2.0,628.53,0.0,1
25.0,0.0,2.0,108758.0,2,0.0,25000.0,2.0,10.99,0.23,4.0,611.0,0.0,0
21.0,1.0,3.0,18916.0,0,1.0,6966.5,4.0,7.9,0.29910000000000003,2.0,615.0,0.0,1
26.0,0.0,1.0,217234.0,5,1.0,25000.0,0.0,10.99,0.12,4.0,559.0,1.0,0
24.0,0.0,1.0,217017.0,0,1.0,21000.0,1.0,11.48,0.1,3.0,577.0,1.0,0
25.0,1.0,1.0,216874.0,1,1.0,20000.0,2.0,14.26,0.09,4.0,657.0,1.0,0
26.0,1.0,3.0,216833.0,5,1.0,10000.0,4.0,8.0,0.05,4.0,676.0,1.0,0
25.0,1.0,2.0,216483.0,0,2.0,22506.392000000003,3.0,11.26,0.10219999999999983,2.0,601.0,0.0,0
23.0,0.0,0.0,-128291.1,2,1.0,-4363.4,2.0,14.759400000000014,0.55,4.0,619.46,0.0,1
23.0,0.0,0.0,94363.0,0,0.0,25000.0,3.0,16.32,0.26,3.0,576.0,0.0,1
25.0,1.0,0.0,80570.0,3,0.0,25000.0,2.0,17.93,0.31,4.0,612.0,0.0,1
23.0,1.0,2.0,36408.9,0,0.0,25000.0,5.0,13.514900000000003,0.46,3.0,639.27,0.0,0
24.0,0.0,3.0,95753.0,1,0.0,25000.0,5.0,14.96,0.26,4.0,542.0,0.0,1
24.0,0.0,3.0,110935.0,1,0.0,25000.0,0.0,13.43,0.23,3.0,709.0,1.0,0
25.0,1.0,3.0,111490.0,2,0.0,25000.0,4.0,12.69,0.22,3.0,622.0,1.0,0
24.0,1.0,3.0,111729.0,4,0.0,25000.0,3.0,12.73,0.22,4.0,642.0,1.0,0
23.0,0.0,1.0,113396.0,0,0.0,25000.0,3.0,15.21,0.22,4.0,660.0,0.0,0
23.0,0.0,2.0,19175.0,1,2.0,1750.0,2.0,12.68,0.09,3.0,587.0,1.0,0
23.0,0.0,1.0,85787.0,0,0.0,25000.0,2.0,19.04,0.29,4.0,646.0,0.0,1
25.0,0.0,0.0,102114.0,7,0.0,25000.0,5.0,15.95,0.24,3.0,637.0,0.0,1
26.0,1.0,2.0,211005.0,5,2.0,2600.0,3.0,8.9,0.01,4.0,718.0,0.0,0
25.0,1.0,0.0,210903.0,4,2.0,8000.0,4.0,7.9,0.04,2.0,588.0,1.0,0
22.0,1.0,3.0,210555.0,0,2.0,18000.0,1.0,11.01,0.09,2.0,652.0,0.0,0
23.0,1.0,2.0,210937.0,0,2.0,21000.0,0.0,11.99,0.1,3.0,620.0,1.0,0
23.0,1.0,1.0,-85880.2,2,1.0,4000.0,5.0,14.512200000000005,-0.05,4.0,596.31,0.0,1
23.0,0.0,3.0,18926.0,0,1.0,4600.0,3.0,10.99,0.24,2.0,688.0,0.0,1
22.0,1.0,3.0,106694.0,0,0.0,25000.0,5.0,15.58,0.23,2.0,667.0,0.0,1
25.0,1.0,0.0,90718.0,4,0.0,25000.0,2.0,10.99,0.28,2.0,692.0,0.0,1
25.0,1.0,2.0,106668.0,1,0.0,25000.0,3.0,14.96,0.23,4.0,562.0,0.0,1
25.0,1.0,1.0,19158.0,4,1.0,1750.0,4.0,15.31,0.09,4.0,625.0,1.0,0
26.0,1.0,1.0,106419.0,5,0.0,25000.0,3.0,15.65,0.23,3.0,649.0,0.0,1
25.0,0.0,1.0,254539.0,3,0.0,129.9,3.0,12.165800000000008,0.21,4.0,617.61,1.0,0
23.0,1.0,1.0,19065.0,3,2.0,3600.0,0.0,13.47,0.19,4.0,540.0,0.0,1
24.0,0.0,3.0,124083.0,0,0.0,25000.0,0.0,10.36,0.2,3.0,637.0,1.0,0
24.0,1.0,3.0,111673.0,4,0.0,25000.0,4.0,16.77,0.22,4.0,600.0,0.0,1
23.0,1.0,1.0,112633.0,1,0.0,25000.0,5.0,14.59,0.22,2.0,633.0,0.0,1
22.0,1.0,1.0,210938.0,0,0.0,3500.0,3.0,11.91,0.02,2.0,588.0,0.0,0
23.0,0.0,3.0,210720.0,2,2.0,7200.0,1.0,8.38,0.03,3.0,624.0,1.0,0
25.0,1.0,1.0,310939.5,7,0.0,-3129.4,3.0,12.31,-0.07,3.0,693.0,1.0,0
25.0,1.0,1.0,209997.0,3,2.0,8800.0,5.0,14.27,0.04,3.0,616.0,1.0,0
26.0,0.0,0.0,209873.0,3,0.0,12000.0,5.0,12.53,0.06,4.0,675.0,0.0,0
25.0,0.0,3.0,67904.2,1,2.0,13467.5,5.0,10.710400000000002,0.25100000000000017,3.0,784.0,0.0,1
26.0,1.0,0.0,209393.0,2,2.0,10000.0,3.0,11.71,0.05,4.0,585.0,1.0,0
21.0,1.0,0.0,18773.0,0,1.0,3175.0,4.0,11.54,0.17,3.0,686.0,0.0,1
25.0,0.0,2.0,116439.0,2,0.0,25000.0,4.0,15.68,0.21,4.0,595.0,0.0,1
21.0,0.0,3.0,19169.0,2,2.0,1500.0,1.0,10.59,0.08,2.0,537.0,1.0,0
24.0,0.0,1.0,118417.0,0,0.0,25000.0,4.0,12.61,0.21,2.0,625.0,0.0,1
26.0,0.0,1.0,133476.0,0,0.0,25000.0,0.0,11.01,0.19,2.0,641.0,1.0,0
23.0,0.0,3.0,19312.0,4,2.0,2800.0,0.0,8.49,0.14,3.0,661.0,0.0,1
25.0,1.0,1.0,192351.0,1,0.0,30000.0,0.0,17.27,0.16,4.0,577.0,0.0,1
24.0,1.0,2.0,206648.0,4,0.0,18000.0,5.0,8.9,0.09,4.0,537.0,1.0,0
25.0,0.0,1.0,205046.0,6,2.0,10000.0,2.0,11.11,0.05,4.0,646.0,1.0,0
24.0,1.0,1.0,190735.0,1,0.0,25000.0,4.0,14.59,0.13,2.0,653.0,0.0,1
26.0,0.0,3.0,204872.0,3,0.0,13000.0,3.0,12.42,0.06,3.0,654.0,0.0,0
24.0,1.0,3.0,100758.0,0,0.0,25000.0,2.0,11.01,0.25,2.0,635.0,0.0,1
24.0,0.0,0.0,133231.0,3,0.0,25000.0,4.0,15.7,0.19,2.0,675.0,1.0,0
22.0,0.0,0.0,18923.0,0,1.0,2500.0,4.0,12.53,0.13,3.0,618.0,0.0,1
25.0,0.0,0.0,161894.0,0,0.0,5000.0,2.0,16.49,0.03,2.0,609.0,0.0,1
25.0,0.0,2.0,205144.0,0,2.0,20000.0,1.0,7.49,0.09479999999999986,2.0,631.88,1.0,0
22.0,0.0,1.0,121617.0,2,0.0,25000.0,5.0,14.96,0.21,2.0,629.0,0.0,1
25.0,1.0,3.0,136206.0,6,0.0,25000.0,2.0,12.73,0.18,4.0,539.0,0.0,0
24.0,1.0,0.0,300122.5,4,0.0,25000.0,1.0,16.75,0.0766,4.0,646.75,1.0,0
25.0,0.0,1.0,145233.0,3,0.0,25000.0,2.0,10.74,0.17,2.0,683.0,0.0,0
23.0,1.0,2.0,275450.6,1,0.0,-1167.5,1.0,9.99,0.12530000000000002,2.0,626.32,1.0,0
24.0,1.0,0.0,110953.0,0,0.0,25000.0,2.0,15.33,0.23,2.0,662.0,0.0,1
21.0,0.0,1.0,19414.0,2,1.0,1000.0,3.0,7.29,0.05,4.0,681.0,1.0,0
26.0,1.0,1.0,130096.0,1,0.0,25000.0,0.0,15.05,0.19,3.0,636.0,0.0,1
26.0,1.0,0.0,157292.0,0,0.0,25000.0,0.0,10.75,0.16,3.0,677.0,1.0,0
23.0,0.0,2.0,156995.0,3,0.0,25000.0,1.0,16.02,0.16,2.0,656.0,1.0,0
23.0,0.0,3.0,156952.0,0,0.0,25000.0,3.0,11.49,0.16,4.0,674.0,1.0,0
25.0,0.0,3.0,205005.0,6,1.0,20000.0,1.0,12.53,0.1,4.0,587.0,0.0,0
26.0,0.0,2.0,205060.0,2,2.0,12000.0,3.0,13.57,0.06,2.0,658.0,0.0,0
22.0,1.0,1.0,203782.0,4,0.0,14000.0,0.0,11.14,0.07,3.0,581.0,1.0,0
26.0,1.0,1.0,203368.0,3,0.0,24250.0,2.0,12.87,0.12,3.0,606.0,1.0,0
23.0,0.0,3.0,203403.0,0,0.0,20000.0,1.0,11.58,0.1,3.0,648.0,0.0,0
24.0,0.0,3.0,202715.0,3,0.0,1800.0,4.0,11.12,0.01,3.0,563.0,1.0,0
25.0,0.0,0.0,202525.0,1,2.0,35000.0,0.0,10.65,0.17,2.0,589.0,1.0,0
24.0,1.0,3.0,161487.0,1,0.0,25000.0,5.0,10.37,0.15,2.0,641.0,0.0,0
24.0,1.0,3.0,19677.0,3,1.0,3300.0,4.0,6.39,0.17,4.0,637.0,0.0,1
24.0,1.0,1.0,-64838.1,2,0.0,43976.7,0.0,13.780100000000003,0.34089999999999987,3.0,530.0,1.0,0
25.0,0.0,2.0,161560.0,0,0.0,25000.0,2.0,10.62,0.15,2.0,660.0,1.0,0
25.0,1.0,1.0,19423.0,3,1.0,3200.0,3.0,18.09,0.16,2.0,586.0,0.0,1
25.0,1.0,3.0,163134.0,5,0.0,25000.0,1.0,11.36,0.15,4.0,567.0,1.0,0
26.0,0.0,2.0,163683.0,5,0.0,25000.0,5.0,12.53,0.15,4.0,582.0,1.0,0
25.0,0.0,2.0,174972.0,3,0.0,25000.0,1.0,9.99,0.13720000000000016,4.0,620.13,1.0,0
23.0,1.0,1.0,-47964.7,4,0.0,39401.1,1.0,14.740600000000002,0.34,3.0,568.13,0.0,0
23.0,0.0,0.0,198920.0,0,2.0,9600.0,1.0,5.99,0.05,3.0,532.0,1.0,0
22.0,0.0,0.0,184800.0,1,2.0,24000.0,5.0,15.62,0.13,2.0,670.0,0.0,1
24.0,1.0,0.0,198862.0,6,2.0,20000.0,0.0,10.37,0.1,4.0,658.0,0.0,0
25.0,1.0,3.0,199407.0,0,2.0,25000.0,4.0,11.130699999999997,0.13,4.0,626.59,0.0,0
21.0,1.0,2.0,198803.0,0,2.0,20000.0,1.0,6.91,0.1,4.0,681.0,1.0,0
23.0,1.0,3.0,122740.4,3,1.0,-988.5,2.0,7.9,0.17,2.0,680.0,0.0,1
23.0,0.0,2.0,20401.0,4,2.0,2275.0,5.0,13.06,0.11,4.0,573.0,1.0,0
23.0,0.0,1.0,19859.0,0,1.0,2000.0,0.0,6.39,0.13739999999999988,3.0,617.58,1.0,0
23.0,1.0,0.0,178660.0,2,0.0,25000.0,5.0,14.93,0.14,3.0,590.0,0.0,1
23.0,0.0,1.0,20421.0,0,2.0,4050.616,2.0,12.84,0.20409999999999998,4.0,587.0,0.0,1
24.0,1.0,0.0,20353.0,2,1.0,3625.0,3.0,17.14,0.18,2.0,648.0,0.0,1
22.0,1.0,0.0,20297.0,0,2.0,5500.0,3.0,7.14,0.27,3.0,687.0,0.0,1
25.0,1.0,2.0,210932.0,0,0.0,25000.0,0.0,8.9,0.12,2.0,621.0,0.0,0
22.0,0.0,1.0,20405.0,0,1.0,2000.0,0.0,12.42,0.1,3.0,590.0,1.0,0
24.0,1.0,3.0,223194.0,0,0.0,25000.0,4.0,12.68,0.11,2.0,676.0,1.0,0
25.0,0.0,3.0,195560.0,0,0.0,25000.0,0.0,11.03,0.13,2.0,677.0,1.0,0
26.0,1.0,2.0,194140.0,6,0.0,30000.0,3.0,7.9,0.15,4.0,651.0,1.0,0
22.0,1.0,1.0,193337.0,0,2.0,35000.0,2.0,10.65,0.18,4.0,602.0,1.0,0
25.0,1.0,1.0,270992.0,2,0.0,25000.0,3.0,11.86,0.09,4.0,652.0,0.0,0
25.0,1.0,3.0,20221.0,5,1.0,5000.0,0.0,8.94,0.25,4.0,572.0,0.0,1
23.0,1.0,2.0,20678.0,0,1.0,6618.793999999999,3.0,9.63,0.31129999999999997,4.0,528.0,0.0,1
25.0,0.0,1.0,-98001.4,3,0.0,24750.0,0.0,14.447500000000007,0.43229999999999996,3.0,638.0,0.0,1
23.0,0.0,1.0,72805.0,2,0.0,24750.0,5.0,9.33,0.34,3.0,655.0,0.0,1
24.0,1.0,0.0,102011.0,3,0.0,24500.0,2.0,13.85,0.24,4.0,627.0,1.0,0
22.0,1.0,1.0,20896.0,0,2.0,2000.0,1.0,10.65,0.1,2.0,596.0,0.0,0
24.0,0.0,2.0,111283.0,0,0.0,24500.0,2.0,11.46,0.22,4.0,694.0,0.0,0
23.0,0.0,3.0,282436.6,0,2.0,35000.0,0.0,7.66,-0.1,2.0,616.0,1.0,0
24.0,0.0,2.0,245427.6,0,2.0,7876.7990000000045,3.0,11.2949,0.05199999999999996,4.0,624.04,0.0,0
25.0,0.0,2.0,193249.0,0,2.0,12000.0,0.0,9.63,0.06,4.0,586.0,1.0,0
26.0,0.0,2.0,192954.0,5,0.0,25000.0,0.0,12.23,0.13,4.0,694.0,0.0,0
25.0,1.0,0.0,152227.0,2,2.0,10000.0,2.0,14.09,0.07,4.0,639.0,0.0,1
25.0,0.0,2.0,65399.0,0,0.0,24250.0,0.0,13.98,0.37,4.0,663.0,0.0,1
23.0,0.0,1.0,75928.0,4,0.0,24250.0,1.0,10.62,0.3347999999999998,4.0,604.65,0.0,1
24.0,1.0,2.0,21627.0,0,2.0,4831.25,5.0,11.01,0.22800000000000004,3.0,636.0,0.0,1
25.0,1.0,1.0,83235.0,3,0.0,24250.0,0.0,17.56,0.29,4.0,603.0,0.0,1
26.0,1.0,1.0,68297.0,3,0.0,24250.0,2.0,14.96,0.3731000000000001,2.0,621.57,0.0,1
22.0,1.0,0.0,89977.0,3,0.0,24250.0,5.0,15.65,0.27,2.0,692.0,0.0,1
24.0,0.0,3.0,79510.0,2,0.0,24250.0,2.0,15.7,0.3,2.0,604.0,0.0,1
24.0,0.0,2.0,109050.0,5,0.0,24250.0,3.0,12.53,0.22,3.0,622.0,0.0,0
26.0,0.0,2.0,94635.0,2,0.0,24250.0,4.0,17.56,0.26,3.0,643.0,0.0,1
23.0,1.0,1.0,120966.0,0,0.0,24250.0,0.0,12.87,0.2,2.0,565.0,0.0,0
23.0,1.0,0.0,124437.0,0,0.0,24250.0,0.0,11.170700000000002,0.19,2.0,646.55,1.0,0
25.0,1.0,2.0,68259.4,3,2.0,13599.859000000004,1.0,5.32,0.24630000000000016,3.0,686.0,1.0,0
25.0,1.0,2.0,192914.0,0,1.0,15000.0,3.0,11.14,0.08,4.0,614.0,1.0,0
24.0,0.0,2.0,192806.0,2,2.0,20000.0,3.0,16.0,0.1,3.0,690.0,1.0,0
23.0,1.0,1.0,193097.0,0,2.0,25000.0,1.0,15.65,0.13,2.0,564.0,1.0,0
26.0,0.0,3.0,46680.2,5,2.0,11353.493000000002,5.0,4.87,0.35540000000000027,4.0,491.0,1.0,0
21.0,0.0,1.0,192841.0,1,2.0,9558.515,3.0,11.202199999999998,0.08,4.0,648.0,0.0,0
25.0,1.0,0.0,193300.0,3,2.0,20000.0,3.0,13.47,0.1,2.0,531.0,1.0,0
22.0,1.0,3.0,21205.0,0,2.0,4750.0,4.0,13.85,0.22,2.0,658.0,0.0,1
25.0,0.0,2.0,135292.0,3,0.0,24250.0,0.0,11.01,0.18,3.0,574.0,0.0,0
21.0,1.0,1.0,21363.0,2,2.0,6000.0,3.0,10.39,0.28,4.0,671.0,0.0,1
25.0,1.0,1.0,139035.0,7,0.0,24250.0,4.0,11.36,0.17,2.0,633.0,0.0,0
23.0,1.0,1.0,173511.0,0,0.0,24250.0,1.0,11.83,0.14,3.0,631.0,1.0,0
23.0,1.0,3.0,345520.0,0,0.0,24250.0,1.0,12.53,0.07,3.0,652.0,1.0,0
22.0,0.0,2.0,130762.0,3,0.0,19785.115,4.0,14.069899999999995,0.18,3.0,683.0,0.0,1
22.0,0.0,2.0,52596.0,0,0.0,24000.0,5.0,13.85,0.46,3.0,693.0,0.0,1
23.0,0.0,2.0,57326.0,2,0.0,24000.0,3.0,11.58,0.42,4.0,603.0,0.0,1
24.0,0.0,1.0,58262.0,1,0.0,24000.0,3.0,16.29,0.43330000000000013,2.0,624.45,0.0,1
26.0,0.0,1.0,58620.0,4,0.0,24000.0,2.0,11.01,0.41,3.0,664.0,0.0,1
21.0,0.0,0.0,-72079.4,0,0.0,28117.18100000001,1.0,13.179100000000005,0.5,2.0,645.0,0.0,1
25.0,1.0,2.0,63361.0,2,0.0,24000.0,0.0,10.74,0.38,2.0,592.0,0.0,1
22.0,0.0,3.0,181346.8,4,2.0,13045.744000000004,1.0,9.229699999999998,0.36,3.0,538.0,1.0,0
24.0,0.0,2.0,57356.0,3,0.0,24000.0,0.0,17.8,0.42,2.0,672.0,0.0,1
22.0,0.0,2.0,21790.0,0,2.0,1000.0,3.0,11.36,0.05,2.0,686.0,1.0,0
22.0,0.0,1.0,59680.0,0,0.0,24000.0,2.0,17.56,0.4,4.0,590.0,0.0,1
26.0,0.0,0.0,72720.0,2,0.0,24000.0,0.0,7.9,0.33,4.0,636.0,0.0,1
25.0,0.0,1.0,73024.0,5,0.0,24000.0,0.0,10.99,0.33,4.0,580.0,0.0,1
22.0,1.0,2.0,73110.0,0,0.0,24000.0,0.0,7.29,0.33,3.0,674.0,0.0,1
21.0,0.0,3.0,132068.2,0,0.0,18010.243000000006,2.0,11.7903,0.53,2.0,601.0,0.0,1
26.0,0.0,1.0,75416.0,4,0.0,24000.0,5.0,7.9,0.32,3.0,620.0,0.0,1
22.0,1.0,0.0,75959.0,0,0.0,24000.0,1.0,14.84,0.32,2.0,642.0,0.0,1
26.0,1.0,3.0,-79382.8,7,0.0,27508.964000000018,5.0,14.2787,0.46760000000000007,2.0,598.01,0.0,1
22.0,0.0,3.0,21824.0,0,2.0,5227.3820000000005,1.0,11.535400000000006,0.23,3.0,588.0,0.0,1
23.0,1.0,1.0,71875.0,1,0.0,24000.0,5.0,19.69,0.33,2.0,585.0,0.0,1
23.0,1.0,2.0,80313.0,1,0.0,24000.0,3.0,11.01,0.3,4.0,632.0,0.0,1
24.0,1.0,1.0,134402.1,5,0.0,21754.865000000005,3.0,14.176300000000008,0.57,4.0,718.0,0.0,1
25.0,1.0,2.0,80492.0,4,0.0,24000.0,1.0,6.99,0.3,3.0,602.0,0.0,1
22.0,1.0,1.0,75646.0,0,0.0,24000.0,0.0,16.45,0.32,4.0,639.0,0.0,1
24.0,1.0,3.0,85223.0,3,0.0,24000.0,1.0,10.99,0.28,4.0,603.0,0.0,1
23.0,1.0,3.0,89735.0,2,0.0,24000.0,5.0,10.99,0.27,2.0,689.0,0.0,1
22.0,1.0,1.0,253206.9,4,1.0,12797.247000000007,0.0,11.228199999999998,0.43,4.0,584.0,0.0,1
22.0,0.0,0.0,90780.0,2,0.0,24000.0,1.0,12.1349,0.26,4.0,650.53,0.0,1
24.0,1.0,2.0,90889.0,1,0.0,24000.0,2.0,10.37,0.26,3.0,643.0,0.0,1
24.0,1.0,2.0,90911.0,2,0.0,24000.0,4.0,11.01,0.26,3.0,589.0,0.0,1
26.0,1.0,0.0,83953.0,2,0.0,20309.833,5.0,12.469100000000001,0.2734,3.0,656.14,0.0,1
23.0,1.0,3.0,94644.0,1,0.0,24000.0,0.0,13.92,0.25,3.0,613.0,0.0,1
22.0,0.0,1.0,22616.0,0,1.0,2000.0,3.0,11.49,0.09,3.0,567.0,0.0,0
24.0,0.0,2.0,96989.0,4,0.0,19605.0,2.0,12.1031,0.15,2.0,685.0,0.0,0
22.0,0.0,3.0,22867.0,3,1.0,3500.0,4.0,7.49,0.15,4.0,647.0,0.0,1
23.0,0.0,0.0,22583.0,1,1.0,4000.0,1.0,5.99,0.18,2.0,645.0,0.0,1
23.0,0.0,2.0,74694.613,0,0.0,24000.0,0.0,12.92,0.3270999999999999,2.0,672.0,0.0,1
26.0,0.0,0.0,107641.0,6,0.0,24000.0,0.0,11.58,0.22,3.0,648.0,0.0,0
25.0,1.0,1.0,114870.0,4,0.0,24000.0,1.0,8.9,0.21,2.0,653.0,0.0,0
22.0,1.0,2.0,100479.0,0,0.0,24000.0,5.0,19.69,0.24,3.0,590.0,0.0,1
25.0,0.0,0.0,114958.0,2,0.0,24000.0,3.0,6.54,0.21,4.0,704.0,1.0,0
21.0,0.0,0.0,22882.0,0,1.0,5302.632,4.0,11.873700000000001,0.21,4.0,674.0,0.0,1
21.0,0.0,2.0,180454.4,0,1.0,5000.0,1.0,12.418299999999999,-0.14,2.0,615.5,0.0,1
26.0,0.0,1.0,120498.0,5,0.0,24000.0,0.0,12.73,0.2,4.0,626.0,0.0,0
24.0,0.0,0.0,132873.0,2,0.0,24000.0,3.0,15.62,0.18,4.0,701.0,1.0,0
24.0,1.0,3.0,22635.0,3,1.0,6250.0,4.0,6.54,0.28,4.0,602.0,0.0,1
22.0,0.0,3.0,118299.0,0,0.0,24000.0,5.0,11.01,0.20800000000000018,2.0,642.13,0.0,1
26.0,0.0,3.0,125665.0,5,0.0,24000.0,5.0,15.461199999999998,0.19,4.0,620.31,0.0,1
22.0,0.0,1.0,144904.0,0,0.0,24000.0,1.0,9.91,0.17,4.0,638.0,0.0,0
24.0,0.0,2.0,144882.0,2,0.0,24000.0,3.0,12.69,0.17,4.0,646.0,1.0,0
26.0,1.0,3.0,130649.0,4,0.0,24000.0,1.0,20.0,0.18,3.0,678.0,0.0,1
24.0,1.0,0.0,149622.0,4,0.0,24000.0,0.0,11.608599999999997,0.16,4.0,641.34,1.0,0
23.0,1.0,2.0,22957.0,1,2.0,2500.0,2.0,15.95,0.11,2.0,594.0,0.0,1
24.0,1.0,0.0,-25197.3,1,0.0,30516.04800000002,5.0,15.217900000000002,0.3587000000000002,3.0,515.7,1.0,0
25.0,0.0,2.0,163004.0,3,0.0,24000.0,0.0,10.99,0.15,2.0,662.0,0.0,0
24.0,1.0,1.0,163035.0,2,0.0,24000.0,4.0,13.79,0.15,2.0,636.0,1.0,0
23.0,1.0,0.0,138731.0,0,0.0,24000.0,2.0,20.0,0.17,3.0,613.0,0.0,1
23.0,0.0,3.0,180804.0,1,0.0,24000.0,1.0,7.49,0.13,4.0,573.0,1.0,0
23.0,1.0,0.0,166378.0,0,0.0,24000.0,5.0,15.368399999999992,0.14,2.0,636.23,0.0,1
24.0,1.0,3.0,22684.0,0,1.0,13000.0,0.0,7.88,0.57,3.0,640.0,0.0,1
21.0,1.0,2.0,22366.0,0,1.0,6250.0,3.0,10.62,0.28,4.0,637.0,0.0,1
26.0,0.0,1.0,187161.0,7,0.0,24000.0,5.0,10.99,0.13,4.0,633.0,1.0,0
26.0,1.0,2.0,178439.0,0,0.0,24000.0,1.0,18.3,0.13,2.0,615.0,0.0,1
26.0,1.0,2.0,204962.0,2,0.0,24000.0,5.0,11.01,0.11599999999999996,2.0,628.38,1.0,0
21.0,1.0,2.0,22673.0,0,1.0,2500.0,0.0,11.36,0.11,3.0,670.0,1.0,0
24.0,1.0,3.0,53633.0,4,0.0,21042.379000000004,4.0,14.2817,0.45,2.0,678.0,0.0,1
23.0,0.0,0.0,144983.0,2,0.0,21024.44,2.0,13.47,0.16310000000000005,2.0,676.0,0.0,0
24.0,0.0,1.0,67032.0,2,0.0,23600.0,0.0,11.89,0.35,3.0,624.0,0.0,1
24.0,1.0,1.0,99189.2,0,2.0,20875.463,5.0,6.24,0.22150000000000006,2.0,611.0,0.0,1
25.0,1.0,1.0,123299.0,0,0.0,23600.0,5.0,13.49,0.19,4.0,555.0,1.0,0
23.0,0.0,3.0,91275.0,0,0.0,24937.0,0.0,14.5,0.27210000000000006,4.0,613.0,0.0,1
22.0,1.0,2.0,22564.0,1,1.0,4000.0,2.0,11.01,0.18,2.0,684.0,0.0,1
22.0,1.0,2.0,22786.0,0,1.0,4460.25,2.0,15.31,0.20279999999999998,2.0,647.0,0.0,1
25.0,1.0,1.0,-109662.7,4,2.0,13418.958999999999,2.0,18.24,0.2389,3.0,710.0,0.0,1
21.0,0.0,2.0,22666.0,0,1.0,6271.5,3.0,11.01,0.27,2.0,630.0,0.0,1
22.0,1.0,2.0,81701.0,1,0.0,23971.597999999998,3.0,7.49,0.30170000000000013,2.0,589.0,0.0,1
22.0,1.0,1.0,52984.0,0,0.0,23000.0,0.0,11.01,0.43,3.0,621.0,0.0,1
25.0,0.0,0.0,68579.0,1,0.0,23000.0,1.0,11.01,0.34,2.0,665.0,0.0,1
23.0,0.0,2.0,73014.0,0,0.0,23000.0,3.0,12.18,0.32,4.0,668.0,0.0,1
24.0,0.0,2.0,22608.0,2,2.0,1200.0,3.0,11.34,0.05,4.0,615.0,1.0,0
25.0,0.0,1.0,76932.0,2,0.0,23000.0,1.0,9.91,0.3,3.0,604.0,0.0,1
24.0,1.0,1.0,78955.0,1,0.0,23000.0,4.0,11.99,0.29,4.0,620.0,0.0,1
23.0,1.0,0.0,82567.0,0,0.0,23000.0,1.0,9.62,0.28,2.0,558.0,0.0,1
22.0,1.0,2.0,22466.0,0,1.0,3000.0,5.0,9.96,0.13,3.0,603.0,0.0,1
25.0,1.0,2.0,97251.0,2,0.0,23000.0,3.0,11.01,0.24,2.0,683.0,1.0,0
24.0,1.0,3.0,106607.0,1,0.0,23000.0,3.0,14.54,0.22,2.0,641.0,0.0,1
22.0,1.0,2.0,71385.0,0,0.0,21426.0,2.0,11.36,0.3128,4.0,521.0,0.0,1
23.0,0.0,2.0,84865.0,3,0.0,22500.0,5.0,14.27,0.27,2.0,655.0,0.0,1
24.0,1.0,2.0,22789.0,1,1.0,3000.0,4.0,11.99,0.13,3.0,663.0,0.0,1
26.0,0.0,2.0,84801.0,4,0.0,22500.0,1.0,18.99,0.27,2.0,605.0,0.0,1
24.0,1.0,2.0,88421.0,4,0.0,25325.0,3.0,16.7,0.3090999999999999,4.0,708.0,0.0,1
24.0,1.0,1.0,23071.0,3,2.0,5000.0,0.0,9.32,0.22,3.0,571.0,0.0,1
23.0,1.0,2.0,43042.0,1,0.0,20858.25,5.0,12.69,0.47059999999999996,3.0,678.0,0.0,1
25.0,0.0,1.0,53119.0,1,0.0,22000.0,4.0,13.11,0.41,2.0,597.0,0.0,1
25.0,1.0,2.0,63311.0,1,0.0,22000.0,0.0,10.74,0.35,2.0,689.0,0.0,1
21.0,1.0,2.0,23597.0,0,2.0,4200.0,0.0,14.11,0.18,4.0,675.0,0.0,1
22.0,0.0,1.0,69308.0,1,0.0,22000.0,1.0,9.63,0.32,3.0,591.0,0.0,1
25.0,0.0,1.0,70598.0,5,0.0,22000.0,2.0,14.65,0.31,2.0,616.0,0.0,1
23.0,0.0,1.0,73044.0,0,0.0,22000.0,5.0,10.25,0.3,4.0,640.0,0.0,1
24.0,1.0,2.0,73043.0,0,0.0,22000.0,3.0,14.26,0.3,2.0,593.0,0.0,1
25.0,0.0,2.0,23627.0,4,2.0,3000.0,1.0,9.91,0.13,2.0,649.0,0.0,1
26.0,1.0,2.0,68198.0,4,0.0,22000.0,2.0,17.19,0.32,3.0,645.0,0.0,1
22.0,0.0,1.0,85089.0,0,0.0,22000.0,1.0,11.36,0.26,4.0,537.0,0.0,1
22.0,0.0,2.0,80358.0,0,0.0,22000.0,1.0,11.01,0.27,2.0,635.0,0.0,1
23.0,0.0,2.0,90025.0,0,0.0,22000.0,5.0,10.59,0.24,3.0,640.0,1.0,0
24.0,0.0,0.0,93232.0,2,0.0,22000.0,1.0,9.25,0.24,2.0,625.0,0.0,0
22.0,0.0,0.0,23497.0,0,1.0,3625.0,2.0,8.49,0.15,3.0,557.0,0.0,1
26.0,1.0,3.0,93314.0,8,0.0,22000.0,3.0,6.54,0.24,3.0,643.0,0.0,0
21.0,0.0,3.0,23543.0,0,1.0,6000.0,2.0,8.49,0.25,3.0,631.0,0.0,1
24.0,1.0,2.0,97038.0,0,0.0,22000.0,2.0,11.01,0.23,4.0,653.0,1.0,0
26.0,0.0,3.0,100246.0,1,0.0,22000.0,3.0,12.69,0.22,2.0,623.0,1.0,0
24.0,0.0,2.0,23667.0,3,1.0,4863.0,2.0,13.85,0.2051000000000002,2.0,662.0,0.0,1
25.0,1.0,3.0,23719.0,2,1.0,4000.0,5.0,7.4,0.17,3.0,667.0,0.0,1
23.0,1.0,1.0,101575.0,1,0.0,22000.0,5.0,11.71,0.22,4.0,586.0,0.0,0
25.0,0.0,0.0,94168.0,3,0.0,22000.0,0.0,11.48,0.23,3.0,719.0,0.0,1
25.0,1.0,0.0,99394.0,1,0.0,22000.0,1.0,17.51,0.22,2.0,646.0,0.0,1
21.0,1.0,1.0,23504.0,0,2.0,3500.0,5.0,14.61,0.15,3.0,646.0,0.0,1
23.0,1.0,2.0,120500.0,3,0.0,22000.0,5.0,7.88,0.18,4.0,646.0,0.0,0
23.0,0.0,2.0,133195.0,1,0.0,22000.0,0.0,11.01,0.17,3.0,643.0,1.0,0
22.0,1.0,2.0,24148.0,1,2.0,4950.0,0.0,11.71,0.2,2.0,594.0,0.0,1
25.0,1.0,2.0,69353.0,1,0.0,20538.5,0.0,11.99,0.31900000000000006,2.0,664.0,0.0,1
24.0,1.0,1.0,65946.0,0,0.0,21600.0,3.0,13.49,0.33,2.0,605.0,0.0,1
23.0,0.0,1.0,68677.0,0,0.0,21600.0,2.0,20.0,0.31,4.0,646.0,0.0,1
26.0,0.0,3.0,76687.0,3,0.0,21600.0,5.0,14.35,0.28,3.0,655.0,0.0,1
22.0,0.0,2.0,-6828.6,0,0.0,25520.334000000003,0.0,20.82,0.37450000000000017,3.0,635.0,0.0,0
22.0,1.0,1.0,94523.0,0,0.0,21600.0,5.0,11.26,0.23,3.0,679.0,0.0,1
22.0,0.0,1.0,24092.0,0,1.0,2400.0,3.0,10.59,0.1,3.0,654.0,0.0,0
24.0,0.0,2.0,135365.0,1,0.0,21600.0,2.0,7.9,0.16,2.0,556.0,0.0,0
24.0,1.0,3.0,24420.0,2,2.0,7000.0,4.0,8.9759,0.29,4.0,627.63,0.0,1
25.0,1.0,1.0,23948.0,3,1.0,3000.0,1.0,11.99,0.13,4.0,587.0,0.0,1
24.0,0.0,3.0,71718.0,2,0.0,21500.0,2.0,16.89,0.3,3.0,620.0,0.0,1
24.0,0.0,0.0,84999.0,0,0.0,21500.0,4.0,9.99,0.25,3.0,701.0,0.0,1
24.0,0.0,1.0,140396.0,4,0.0,21500.0,1.0,15.33,0.15,3.0,572.0,1.0,0
25.0,1.0,1.0,73404.0,4,0.0,21642.5,1.0,7.29,0.30500000000000005,4.0,671.0,0.0,1
22.0,1.0,1.0,38473.0,0,0.0,21250.0,5.0,12.42,0.55,3.0,599.0,0.0,1
25.0,1.0,3.0,57546.0,3,0.0,21250.0,3.0,10.99,0.37,2.0,610.0,0.0,1
25.0,1.0,2.0,62422.0,4,0.0,21250.0,3.0,6.91,0.34,2.0,588.0,0.0,1
22.0,1.0,2.0,23993.0,1,2.0,5000.0,5.0,14.17,0.21,2.0,691.0,0.0,1
22.0,1.0,1.0,64732.0,0,0.0,21250.0,2.0,10.25,0.33,3.0,645.0,0.0,1
26.0,1.0,3.0,23955.0,2,1.0,9250.0,1.0,11.01,0.39,2.0,618.0,0.0,1
24.0,1.0,2.0,68154.0,2,0.0,21250.0,3.0,15.95,0.31,3.0,672.0,0.0,1
24.0,0.0,3.0,79138.0,2,0.0,21250.0,1.0,15.95,0.27,4.0,650.0,0.0,1
21.0,1.0,1.0,42536.0,0,0.0,21000.0,3.0,12.53,0.49,4.0,687.0,0.0,1
22.0,1.0,3.0,23888.0,0,2.0,1400.0,4.0,10.642000000000001,0.06,4.0,617.14,0.0,1
23.0,1.0,3.0,24013.0,0,2.0,3000.0,2.0,11.01,0.12,4.0,604.0,0.0,1
26.0,0.0,2.0,48929.0,6,0.0,21000.0,2.0,6.54,0.43,4.0,601.0,0.0,1
25.0,0.0,3.0,-104165.0,1,1.0,11612.1,3.0,15.878300000000003,-0.1,3.0,612.0,1.0,0
26.0,1.0,2.0,51379.0,5,0.0,21000.0,2.0,17.26,0.41,4.0,666.0,0.0,1
23.0,1.0,1.0,76364.0,0,0.0,21000.0,2.0,11.36,0.27,2.0,645.0,0.0,1
26.0,1.0,2.0,24297.0,3,2.0,4000.0,3.0,7.51,0.16,4.0,678.0,0.0,1
22.0,0.0,2.0,71599.0,0,0.0,21000.0,0.0,10.71,0.29,3.0,644.0,0.0,1
22.0,1.0,3.0,85496.0,1,0.0,21000.0,0.0,13.98,0.25,4.0,614.0,1.0,0
26.0,0.0,3.0,79163.0,3,0.0,21000.0,5.0,14.09,0.27,3.0,627.0,0.0,1
22.0,1.0,0.0,-84625.7,0,0.0,30884.031000000025,1.0,14.624500000000001,0.23209999999999975,3.0,527.53,1.0,0
22.0,0.0,0.0,23973.0,0,2.0,5000.0,2.0,15.33,0.21,3.0,571.0,0.0,1
25.0,0.0,1.0,75181.0,4,0.0,21000.0,2.0,16.32,0.2925,4.0,637.51,0.0,1
24.0,0.0,3.0,95767.0,2,0.0,21000.0,4.0,7.9,0.22,2.0,640.0,0.0,0
23.0,0.0,0.0,96788.0,1,0.0,21000.0,2.0,11.99,0.22,3.0,648.0,1.0,0
24.0,1.0,1.0,101708.0,2,0.0,21000.0,2.0,10.75,0.21,4.0,593.0,0.0,0
26.0,1.0,3.0,103023.0,4,0.0,21000.0,4.0,13.92,0.2,3.0,658.0,1.0,0
22.0,1.0,2.0,113027.0,2,0.0,21000.0,1.0,9.91,0.19,3.0,701.0,0.0,0
26.0,0.0,2.0,98366.0,4,0.0,21000.0,1.0,16.95,0.21,3.0,702.0,0.0,1
26.0,1.0,3.0,117668.0,0,0.0,21000.0,1.0,7.9,0.18,3.0,711.0,1.0,0
26.0,1.0,2.0,269645.1,4,0.0,6569.753000000005,1.0,10.688299999999996,0.0363,3.0,626.15,1.0,0
25.0,0.0,3.0,120885.0,4,0.0,21000.0,0.0,16.49,0.17,3.0,637.0,0.0,1
26.0,0.0,3.0,24183.0,5,3.0,7500.0,0.0,11.97,0.31,2.0,621.0,0.0,1
21.0,1.0,1.0,23664.0,1,2.0,6250.0,5.0,6.17,0.26,3.0,637.0,0.0,1
26.0,1.0,3.0,268109.6,7,0.0,11479.414999999997,4.0,11.7881,-0.19,2.0,534.0,0.0,0
25.0,0.0,1.0,151100.0,2,0.0,21000.0,1.0,12.99,0.14,3.0,577.0,1.0,0
23.0,1.0,2.0,99197.0,1,0.0,17710.58,0.0,10.403399999999994,0.26,2.0,587.0,0.0,0
21.0,0.0,3.0,24468.0,0,2.0,15000.0,1.0,9.64,0.4104000000000002,2.0,616.13,0.0,1
26.0,0.0,1.0,61015.0,2,0.0,19484.058,3.0,10.638199999999998,0.34,3.0,676.0,0.0,1
23.0,1.0,3.0,195568.7,0,0.0,20623.95,1.0,9.713199999999997,0.10689999999999993,3.0,640.19,0.0,0
22.0,0.0,3.0,24872.0,0,1.0,2100.0,1.0,8.38,0.08,4.0,630.0,1.0,0
123.0,0.0,1.0,97140.0,101,0.0,18018.814000000002,1.0,11.181599999999996,0.1998000000000001,3.0,645.26,1.0,0
23.0,1.0,2.0,65613.0,0,0.0,19479.275,0.0,12.462200000000003,0.2815,2.0,644.99,0.0,1
26.0,1.0,1.0,32325.0,4,0.0,16584.035999999993,1.0,11.963400000000004,0.62,2.0,652.0,0.0,1
24.0,0.0,3.0,40881.0,0,0.0,20000.0,5.0,10.99,0.49,3.0,600.0,0.0,1
23.0,1.0,3.0,24766.0,0,1.0,5000.0,0.0,11.71,0.2,4.0,649.0,0.0,0
22.0,0.0,3.0,24995.0,0,1.0,9250.0,0.0,10.65,0.37,4.0,576.0,1.0,0
24.0,1.0,0.0,43287.0,0,0.0,20000.0,2.0,12.53,0.46,4.0,600.0,0.0,1
25.0,1.0,2.0,46375.0,2,0.0,20000.0,2.0,14.59,0.43,4.0,654.0,0.0,1
23.0,0.0,1.0,39416.0,0,0.0,20000.0,5.0,12.61,0.51,4.0,593.0,0.0,1
25.0,1.0,3.0,46636.0,2,0.0,20000.0,2.0,13.11,0.43,2.0,614.0,0.0,1
23.0,1.0,3.0,25168.0,0,2.0,5671.75,2.0,10.65,0.22660000000000002,4.0,638.0,0.0,0
25.0,1.0,2.0,47473.0,3,0.0,20000.0,0.0,11.22,0.42,4.0,633.0,0.0,1
23.0,0.0,1.0,40632.0,0,0.0,20000.0,1.0,16.0,0.49,2.0,649.0,0.0,1
25.0,0.0,3.0,41468.0,2,0.0,20000.0,4.0,8.88,0.48,4.0,591.0,0.0,1
24.0,1.0,1.0,48897.0,2,0.0,20000.0,0.0,12.53,0.41,3.0,656.0,0.0,1
21.0,1.0,2.0,44226.0,0,0.0,20000.0,2.0,11.01,0.45,2.0,637.0,0.0,1
26.0,1.0,2.0,25012.0,3,2.0,4800.0,2.0,5.99,0.19,3.0,682.0,1.0,0
25.0,1.0,3.0,51210.0,4,0.0,20000.0,1.0,13.47,0.39,4.0,645.0,0.0,1
22.0,1.0,1.0,51305.0,1,0.0,20000.0,3.0,6.99,0.39,4.0,602.0,0.0,1
25.0,1.0,2.0,25295.0,3,1.0,5624.5,0.0,11.563699999999999,0.22,2.0,637.0,1.0,0
23.0,0.0,3.0,24930.0,0,2.0,3625.0,1.0,11.01,0.15,3.0,662.0,1.0,0
22.0,1.0,1.0,45716.0,0,0.0,20000.0,5.0,13.490599999999995,0.44,3.0,647.4,0.0,1
25.0,1.0,2.0,46683.0,3,0.0,20000.0,2.0,11.11,0.43,4.0,636.0,0.0,1
22.0,0.0,3.0,54870.0,0,0.0,20000.0,1.0,7.9,0.36,4.0,631.0,0.0,1
23.0,1.0,3.0,55291.0,3,0.0,20000.0,0.0,10.25,0.36,2.0,632.0,0.0,1
24.0,0.0,1.0,54919.0,4,0.0,20000.0,2.0,11.01,0.36,2.0,670.0,0.0,1
23.0,0.0,2.0,25141.0,0,1.0,1200.0,2.0,7.49,0.05,3.0,700.0,0.0,0
22.0,1.0,1.0,54899.0,0,0.0,20000.0,5.0,13.92,0.36,3.0,650.0,0.0,1
24.0,1.0,3.0,47903.0,0,0.0,20000.0,2.0,14.74,0.42,2.0,665.0,0.0,1
24.0,1.0,3.0,56744.0,0,0.0,20000.0,1.0,10.62,0.35,2.0,582.0,0.0,1
22.0,1.0,3.0,58440.0,0,0.0,20000.0,3.0,10.65,0.34,3.0,656.0,0.0,1
22.0,0.0,3.0,51628.0,0,0.0,20000.0,0.0,12.99,0.39,3.0,635.0,0.0,1
22.0,1.0,1.0,58859.0,1,0.0,20000.0,3.0,11.36,0.34,4.0,672.0,0.0,1
22.0,0.0,3.0,24521.0,0,1.0,7500.0,1.0,5.79,0.31,4.0,612.0,1.0,0
23.0,0.0,0.0,60235.0,4,0.0,20000.0,1.0,6.54,0.33,4.0,615.0,0.0,1
25.0,0.0,0.0,25654.0,6,2.0,4000.0,3.0,11.966499999999995,0.16,2.0,642.22,0.0,0
25.0,0.0,2.0,61114.0,1,0.0,20000.0,5.0,7.49,0.33,3.0,639.0,0.0,1
25.0,0.0,2.0,60990.0,1,0.0,20000.0,1.0,13.43,0.33,2.0,691.0,0.0,1
22.0,0.0,2.0,61072.0,0,0.0,20000.0,5.0,13.22,0.33,2.0,681.0,0.0,1
22.0,1.0,3.0,25229.0,1,1.0,5000.0,3.0,14.72,0.2,3.0,604.0,1.0,0
22.0,0.0,3.0,53980.0,0,0.0,20000.0,1.0,15.68,0.37,4.0,688.0,0.0,1
24.0,1.0,2.0,61918.0,2,0.0,20000.0,2.0,11.01,0.32,3.0,672.0,0.0,1
25.0,0.0,2.0,62299.0,3,0.0,20000.0,4.0,11.48,0.32,3.0,680.0,0.0,1
24.0,1.0,0.0,62192.0,3,0.0,20000.0,3.0,10.38,0.32,3.0,640.0,0.0,1
22.0,1.0,2.0,62045.0,0,0.0,20000.0,1.0,14.782499999999994,0.08,3.0,631.09,0.0,1
22.0,1.0,2.0,62350.0,1,0.0,20000.0,1.0,13.47,0.32,2.0,677.0,0.0,1
24.0,0.0,3.0,62508.0,0,0.0,20000.0,3.0,12.21,0.32,4.0,571.0,0.0,1
25.0,1.0,1.0,63607.0,2,0.0,20000.0,3.0,10.99,0.31,3.0,647.0,0.0,1
25.0,1.0,3.0,63921.0,3,0.0,20000.0,1.0,11.36,0.31,4.0,568.0,0.0,1
22.0,1.0,2.0,56273.0,0,0.0,20000.0,5.0,16.0,0.36,4.0,700.0,0.0,1
26.0,1.0,2.0,140185.6,4,2.0,1500.0,0.0,9.1843,0.26,3.0,623.21,1.0,0
24.0,1.0,1.0,63481.0,3,0.0,20000.0,1.0,15.65,0.32,2.0,633.0,0.0,1
25.0,1.0,1.0,56451.0,0,0.0,20000.0,5.0,11.78,0.35,2.0,646.0,0.0,1
24.0,0.0,3.0,63897.0,0,0.0,20000.0,4.0,11.01,0.31,3.0,614.0,0.0,1
22.0,0.0,1.0,57193.0,0,0.0,20000.0,2.0,16.77,0.35,3.0,532.0,0.0,1
22.0,1.0,3.0,65874.0,0,0.0,20000.0,1.0,9.91,0.3,4.0,617.0,0.0,1
23.0,0.0,3.0,58705.0,3,0.0,20000.0,2.0,15.65,0.34,4.0,603.0,0.0,1
23.0,1.0,1.0,58236.0,2,0.0,20000.0,2.0,14.96,0.34,3.0,588.0,0.0,1
23.0,1.0,3.0,-109013.0,0,0.0,28108.314000000017,3.0,18.22,0.4324,4.0,582.0,0.0,1
24.0,1.0,1.0,59765.0,2,0.0,20000.0,2.0,11.66,0.33,4.0,643.0,0.0,1
26.0,1.0,1.0,67019.0,2,0.0,20000.0,1.0,12.18,0.3,4.0,639.0,0.0,1
24.0,0.0,3.0,67265.0,2,0.0,20000.0,4.0,13.663399999999994,0.3,2.0,638.25,0.0,1
25.0,1.0,2.0,66906.0,3,0.0,20000.0,5.0,6.91,0.3,3.0,666.0,0.0,1
26.0,0.0,3.0,59603.0,7,0.0,20000.0,4.0,19.79,0.34,3.0,642.0,0.0,1
25.0,1.0,1.0,67174.0,2,0.0,20000.0,3.0,9.88,0.3,4.0,646.0,0.0,1
22.0,0.0,3.0,24993.0,1,2.0,5640.5,0.0,9.76,0.22160000000000007,3.0,634.0,1.0,0
23.0,1.0,3.0,66844.0,0,0.0,20000.0,5.0,12.53,0.3,2.0,655.0,0.0,1
25.0,0.0,3.0,67482.0,6,0.0,20000.0,3.0,11.01,0.3,4.0,682.0,0.0,1
23.0,1.0,1.0,118445.3,0,2.0,12401.481000000002,0.0,10.0868,0.17019999999999996,2.0,616.36,1.0,0
23.0,1.0,0.0,69387.0,2,0.0,20000.0,1.0,16.89,0.29,2.0,600.0,0.0,1
22.0,0.0,1.0,174122.7,0,0.0,20000.0,0.0,13.607500000000005,0.21200000000000008,4.0,798.0,0.0,1
23.0,1.0,2.0,24853.0,0,2.0,2500.0,1.0,16.82,0.10439999999999997,2.0,610.04,1.0,0
26.0,1.0,3.0,24751.0,2,2.0,3600.0,4.0,11.01,0.15,2.0,669.0,1.0,0
22.0,0.0,3.0,70529.0,1,0.0,20000.0,5.0,13.11,0.28,2.0,593.0,0.0,1
23.0,0.0,3.0,71255.0,2,0.0,20000.0,5.0,7.66,0.28,3.0,654.0,0.0,1
26.0,1.0,0.0,71761.0,3,0.0,20000.0,2.0,6.17,0.28,3.0,665.0,0.0,1
26.0,1.0,2.0,64550.0,8,0.0,20000.0,0.0,16.35,0.31,4.0,649.0,0.0,1
23.0,0.0,2.0,289984.5,1,0.0,14382.717000000004,2.0,3.25,0.16499999999999995,2.0,645.0,0.0,1
24.0,0.0,2.0,66060.0,4,0.0,20000.0,3.0,16.49,0.3,2.0,671.0,0.0,1
21.0,1.0,2.0,25666.0,0,1.0,6024.25,3.0,11.01,0.2706999999999999,4.0,693.0,1.0,0
26.0,1.0,3.0,25229.0,3,2.0,7000.0,4.0,8.0,0.28,2.0,626.0,1.0,0
24.0,0.0,0.0,-85121.7,6,0.0,28852.576000000012,0.0,5.7,0.46099999999999997,2.0,611.0,0.0,1
24.0,1.0,0.0,25451.0,3,1.0,7750.0,3.0,6.91,0.3,3.0,594.0,0.0,0
25.0,0.0,2.0,-65166.0,1,0.0,29741.606000000014,0.0,13.201100000000007,0.4659000000000001,3.0,599.42,0.0,1
24.0,1.0,2.0,73352.0,1,0.0,20000.0,3.0,11.01,0.27,4.0,583.0,0.0,1
23.0,1.0,0.0,65733.0,0,0.0,20000.0,5.0,14.84,0.3,3.0,592.0,0.0,1
23.0,1.0,3.0,65802.0,3,0.0,20000.0,0.0,11.12,0.3,2.0,628.0,0.0,1
22.0,1.0,2.0,72562.0,1,0.0,20000.0,1.0,7.88,0.28,3.0,567.0,0.0,1
25.0,0.0,3.0,73028.0,1,0.0,20000.0,1.0,11.01,0.27,2.0,654.0,0.0,1
22.0,1.0,3.0,25537.0,0,2.0,6000.0,1.0,15.99,0.23,4.0,623.0,0.0,0
24.0,1.0,3.0,25526.0,1,2.0,5500.0,5.0,10.99,0.22,4.0,661.0,1.0,0
25.0,1.0,2.0,73266.0,1,0.0,20000.0,1.0,11.01,0.27,3.0,658.0,0.0,1
25.0,1.0,1.0,65555.0,1,0.0,20000.0,0.0,15.65,0.31,3.0,667.0,0.0,1
24.0,0.0,1.0,65678.0,4,0.0,20000.0,0.0,17.04,0.3,3.0,602.0,0.0,1
23.0,0.0,2.0,73286.0,3,0.0,20000.0,1.0,12.21,0.27,2.0,687.0,0.0,1
21.0,1.0,3.0,25416.0,1,1.0,1453.0,1.0,10.749400000000001,0.05,3.0,626.0,1.0,0
25.0,0.0,1.0,65967.0,6,0.0,20000.0,5.0,14.11,0.3,4.0,662.0,0.0,1
24.0,0.0,1.0,73202.0,1,0.0,20000.0,0.0,11.14,0.27,2.0,536.0,0.0,1
21.0,1.0,3.0,25710.0,0,1.0,2400.0,2.0,11.49,0.09,4.0,623.0,0.0,0
24.0,0.0,2.0,73058.0,3,0.0,20000.0,0.0,13.87,0.27,4.0,647.0,0.0,1
26.0,1.0,1.0,72650.0,3,0.0,20000.0,4.0,10.08,0.28,4.0,606.0,0.0,1
23.0,1.0,1.0,66301.0,2,0.0,20000.0,0.0,16.7,0.3,4.0,645.0,0.0,1
24.0,1.0,1.0,66951.0,2,0.0,20000.0,3.0,18.64,0.3,2.0,632.0,0.0,1
24.0,0.0,2.0,73899.0,0,0.0,20000.0,4.0,12.18,0.27,4.0,634.0,0.0,1
22.0,1.0,1.0,25644.0,2,1.0,3800.0,5.0,11.01,0.15,3.0,645.0,0.0,0
25.0,0.0,1.0,75578.0,2,0.0,20000.0,2.0,6.54,0.26,3.0,574.0,0.0,1
24.0,1.0,1.0,68349.0,3,0.0,20000.0,1.0,14.61,0.29,4.0,576.0,0.0,1
21.0,0.0,2.0,110521.9,0,0.0,114.39599999999992,3.0,13.5174,0.05,3.0,571.0,0.0,1
24.0,1.0,1.0,75484.0,2,0.0,20000.0,4.0,11.12,0.26,2.0,562.0,0.0,1
25.0,0.0,2.0,75802.0,2,0.0,20000.0,3.0,11.48,0.26,2.0,637.0,0.0,1
25.0,0.0,0.0,76733.0,2,0.0,20000.0,2.0,12.42,0.26,3.0,656.0,0.0,1
26.0,1.0,2.0,70484.0,4,0.0,20000.0,5.0,10.25,0.28,2.0,590.0,0.0,1
23.0,0.0,2.0,78886.0,1,0.0,20000.0,2.0,10.65,0.25,3.0,653.0,0.0,1
24.0,0.0,3.0,25992.0,3,1.0,5000.0,0.0,16.29,0.19,3.0,612.0,0.0,0
23.0,0.0,2.0,79348.0,0,0.0,20000.0,2.0,10.37,0.25,2.0,703.0,0.0,1
23.0,1.0,2.0,78597.0,1,0.0,20000.0,3.0,11.49,0.25,3.0,596.0,0.0,1
24.0,1.0,1.0,26216.0,0,1.0,10000.0,3.0,10.59,0.38,4.0,586.0,1.0,0
25.0,1.0,0.0,26133.0,4,1.0,5375.0,3.0,13.49,0.21,2.0,650.0,1.0,0
26.0,0.0,2.0,71856.0,6,0.0,20000.0,0.0,11.01,0.28,4.0,610.0,0.0,1
23.0,1.0,0.0,72259.0,2,0.0,20000.0,1.0,12.29,0.28,4.0,650.0,0.0,1
21.0,0.0,2.0,25869.0,0,2.0,3500.0,5.0,17.27,0.14,2.0,579.0,0.0,1
26.0,1.0,3.0,79098.0,2,0.0,20000.0,5.0,11.99,0.25,2.0,534.0,0.0,1
25.0,0.0,3.0,71754.0,4,0.0,20000.0,0.0,14.84,0.28,2.0,540.0,0.0,1
23.0,1.0,1.0,71688.0,0,0.0,20000.0,5.0,10.83,0.28,2.0,584.0,0.0,1
23.0,0.0,3.0,79539.0,5,0.0,20000.0,5.0,13.22,0.25,2.0,584.0,0.0,1
22.0,0.0,1.0,81282.0,1,0.0,20000.0,1.0,12.18,0.25,2.0,639.0,0.0,0
23.0,1.0,2.0,81580.0,1,0.0,20000.0,2.0,11.11,0.25,2.0,607.0,1.0,0
24.0,0.0,0.0,81639.0,4,0.0,20000.0,4.0,13.48,0.24,2.0,681.0,0.0,0
26.0,1.0,1.0,82432.0,6,0.0,20000.0,1.0,10.75,0.24,4.0,710.0,0.0,0
25.0,1.0,1.0,82737.0,4,0.0,20000.0,0.0,12.53,0.24,4.0,634.0,1.0,0
24.0,1.0,1.0,75890.0,2,0.0,20000.0,5.0,14.84,0.26,4.0,595.0,0.0,1
23.0,1.0,2.0,84428.0,1,0.0,20000.0,3.0,17.74,0.24,2.0,707.0,1.0,0
25.0,1.0,2.0,-73274.7,1,0.0,30916.977000000024,4.0,12.71,0.34989999999999993,2.0,507.0,1.0,0
22.0,1.0,2.0,84791.0,0,0.0,18941.315,0.0,11.0108,0.22970000000000002,4.0,619.35,1.0,0
25.0,0.0,2.0,77982.0,6,0.0,20000.0,4.0,11.01,0.26,4.0,699.0,0.0,1
25.0,1.0,1.0,86325.0,2,0.0,20000.0,0.0,14.09,0.23,2.0,566.0,1.0,0
22.0,1.0,1.0,121744.4,0,2.0,-8196.7,5.0,11.7904,-0.09,3.0,613.48,1.0,0
23.0,0.0,1.0,86183.0,1,0.0,20000.0,1.0,14.09,0.23,3.0,638.0,0.0,0
23.0,0.0,3.0,67625.0,0,0.0,20000.0,2.0,15.2,0.3,4.0,620.0,0.0,1
24.0,1.0,1.0,87261.0,1,0.0,20000.0,2.0,11.83,0.23,2.0,667.0,1.0,0
24.0,0.0,2.0,25826.0,4,3.0,6000.0,0.0,12.21,0.23,2.0,655.0,0.0,0
23.0,1.0,3.0,80180.0,0,0.0,20000.0,3.0,14.11,0.25,3.0,666.0,0.0,1
22.0,1.0,1.0,80179.0,0,0.0,20000.0,5.0,14.42,0.25,2.0,655.0,0.0,1
24.0,1.0,1.0,87458.0,3,0.0,20000.0,4.0,14.74,0.23,3.0,604.0,1.0,0
24.0,0.0,0.0,89922.0,0,0.0,20000.0,4.0,12.69,0.22,3.0,672.0,1.0,0
22.0,0.0,2.0,26137.0,0,2.0,1625.0,5.0,16.89,0.06,3.0,596.0,0.0,1
25.0,1.0,1.0,91179.0,0,0.0,20000.0,5.0,11.01,0.22,4.0,658.0,1.0,0
21.0,1.0,3.0,26112.0,0,2.0,4500.0,4.0,11.01,0.17,2.0,608.0,0.0,1
25.0,1.0,2.0,26559.0,2,2.0,8500.0,3.0,9.63,0.32,4.0,686.0,1.0,0
24.0,0.0,3.0,91001.0,0,0.0,20000.0,4.0,8.88,0.22,3.0,687.0,0.0,0
26.0,0.0,2.0,90978.0,3,0.0,2555.8,2.0,5.68,0.45,4.0,587.0,1.0,0
26.0,0.0,2.0,90805.0,4,0.0,20000.0,1.0,11.01,0.22,3.0,603.0,0.0,0
25.0,0.0,3.0,91130.0,0,0.0,20000.0,0.0,10.38,0.22,3.0,622.0,1.0,0
22.0,1.0,1.0,83759.0,1,0.0,20000.0,5.0,10.99,0.24,4.0,660.0,0.0,1
22.0,1.0,0.0,91033.0,1,0.0,20000.0,3.0,11.01,0.22,2.0,572.0,1.0,0
21.0,0.0,2.0,26887.0,0,2.0,7575.0,0.0,11.01,0.28,3.0,641.0,1.0,0
26.0,0.0,2.0,26792.0,4,1.0,5200.0,1.0,12.42,0.19,3.0,674.0,0.0,0
24.0,1.0,2.0,83573.0,1,0.0,20000.0,4.0,14.82,0.24,4.0,693.0,0.0,1
23.0,0.0,2.0,91541.0,4,0.0,20000.0,0.0,16.32,0.22,3.0,628.0,0.0,0
23.0,0.0,3.0,72279.0,2,0.0,20000.0,2.0,16.0,0.28,3.0,688.0,0.0,1
23.0,1.0,3.0,92304.0,0,0.0,20000.0,2.0,10.37,0.22,3.0,635.0,1.0,0
26.0,1.0,0.0,85207.0,2,0.0,20000.0,5.0,13.16,0.23,3.0,662.0,0.0,1
24.0,0.0,3.0,85232.0,5,0.0,20000.0,3.0,14.88,0.23,4.0,652.0,0.0,1
22.0,0.0,3.0,93127.0,2,0.0,20000.0,5.0,13.98,0.21,4.0,619.0,1.0,0
26.0,1.0,0.0,86320.0,2,0.0,20000.0,4.0,13.36,0.23,2.0,655.0,0.0,1
21.0,0.0,1.0,26946.0,0,1.0,-22511.8,3.0,6.99,0.54,3.0,601.0,0.0,0
22.0,0.0,1.0,26711.0,0,2.0,4025.0,1.0,10.947899999999995,0.15,4.0,612.87,1.0,0
24.0,1.0,2.0,26769.0,2,2.0,8000.0,2.0,5.42,0.3,2.0,613.0,1.0,0
26.0,0.0,2.0,94812.0,4,0.0,20000.0,4.0,13.85,0.21,4.0,663.0,0.0,0
22.0,0.0,3.0,27119.0,0,2.0,4000.0,0.0,12.99,0.15,2.0,540.0,1.0,0
26.0,1.0,2.0,27046.0,5,1.0,4200.0,2.0,9.99,0.16,3.0,598.0,1.0,0
22.0,0.0,2.0,26902.0,4,2.0,1400.0,3.0,11.01,0.05,2.0,653.0,1.0,0
123.0,1.0,2.0,94723.0,100,0.0,20000.0,3.0,11.01,0.20450000000000026,4.0,651.98,1.0,0
23.0,0.0,1.0,74473.0,0,0.0,20000.0,2.0,12.345499999999998,0.27,2.0,624.29,0.0,1
21.0,1.0,2.0,27072.0,0,2.0,3800.0,5.0,5.99,0.14,2.0,643.0,0.0,0
24.0,0.0,0.0,87447.0,6,0.0,20000.0,5.0,11.01,0.23,4.0,632.0,0.0,1
23.0,0.0,1.0,94310.0,0,0.0,20000.0,3.0,11.58,0.21,3.0,578.0,0.0,0
23.0,1.0,0.0,95354.0,2,0.0,20000.0,2.0,13.85,0.21,4.0,642.0,1.0,0
23.0,1.0,0.0,96236.0,0,0.0,20000.0,1.0,16.89,0.21,4.0,688.0,0.0,0
23.0,1.0,0.0,96969.0,2,0.0,20000.0,2.0,11.738300000000002,0.21,4.0,640.54,0.0,0
23.0,0.0,3.0,27201.0,0,1.0,6000.0,3.0,12.68,0.22569999999999987,4.0,631.0,1.0,0
22.0,1.0,3.0,76808.0,0,0.0,20000.0,2.0,14.91,0.26,4.0,611.0,0.0,1
24.0,1.0,1.0,97157.0,0,0.0,20000.0,3.0,11.656600000000003,0.21,4.0,626.16,1.0,0
25.0,1.0,1.0,96773.0,3,0.0,20000.0,1.0,8.88,0.21,4.0,644.0,1.0,0
23.0,1.0,2.0,-98092.6,0,2.0,27324.2,1.0,15.297700000000004,0.17270000000000008,4.0,521.0,1.0,0
22.0,0.0,1.0,96673.0,1,0.0,20000.0,1.0,13.98,0.21,4.0,616.0,1.0,0
22.0,1.0,1.0,26872.0,3,1.0,8500.0,3.0,6.54,0.32,4.0,656.0,0.0,0
26.0,1.0,2.0,217804.8,2,0.0,21555.088,2.0,9.86,0.1572,3.0,623.0,0.0,1
26.0,0.0,3.0,27097.0,2,2.0,1000.0,4.0,10.36,0.04,3.0,581.0,1.0,0
25.0,1.0,1.0,89914.0,7,0.0,20000.0,0.0,15.95,0.2412000000000001,4.0,640.88,0.0,1
25.0,1.0,3.0,96778.0,2,0.0,20000.0,4.0,14.26,0.21,4.0,664.0,0.0,0
23.0,0.0,1.0,229133.17200000014,0,0.0,-1147.5,2.0,10.6614,0.15070000000000014,2.0,631.59,1.0,0
22.0,0.0,2.0,102433.65899999999,0,0.0,20000.0,5.0,13.49,0.2,4.0,641.1,1.0,0
24.0,1.0,0.0,37373.544,1,2.0,2000.0,5.0,14.84,0.07,2.0,621.48,0.0,1
22.0,0.0,2.0,98325.44300000001,0,0.0,20000.0,1.0,11.01,0.2,2.0,648.16,0.0,0
23.0,0.0,3.0,102091.675,2,0.0,20000.0,4.0,15.05,0.22,4.0,632.59,0.0,1
22.0,1.0,0.0,94708.52,0,0.0,20000.0,1.0,13.79,0.21,4.0,654.79,0.0,1
24.0,0.0,1.0,103716.77999999998,6,0.0,20000.0,1.0,13.48,0.2,3.0,632.75,0.0,0
26.0,0.0,2.0,52782.50600000001,4,1.0,3000.0,3.0,6.76,0.11,2.0,638.61,0.0,0
23.0,1.0,0.0,100202.70399999998,1,0.0,20000.0,0.0,11.11,0.2,4.0,643.99,1.0,0
25.0,0.0,2.0,121081.381,3,0.0,20000.0,1.0,13.92,0.2,2.0,650.28,1.0,0
23.0,0.0,2.0,28150.966,1,1.0,4400.0,1.0,12.53,0.16,2.0,624.88,1.0,0
21.0,1.0,2.0,37068.724,0,2.0,10000.0,5.0,11.14,0.37,2.0,602.44,1.0,0
24.0,0.0,0.0,97292.641,5,0.0,20000.0,4.0,14.11,0.21,2.0,659.2,0.0,1
23.0,0.0,2.0,122337.83099999999,0,0.0,20000.0,2.0,7.49,0.19,2.0,649.6,1.0,0
25.0,1.0,1.0,124559.58299999998,3,0.0,20000.0,5.0,10.25,0.19,3.0,639.37,1.0,0
26.0,1.0,2.0,85196.505,2,0.0,20000.0,0.0,12.53,0.23,2.0,636.12,0.0,1
21.0,0.0,1.0,35562.269,0,2.0,1500.0,0.0,11.86,0.05,3.0,608.31,1.0,0
23.0,1.0,2.0,25093.659,0,1.0,9000.0,3.0,7.88,0.33,3.0,619.77,1.0,0
25.0,0.0,3.0,125396.63699999999,0,0.0,20000.0,4.0,11.01,0.19,2.0,662.26,0.0,0
24.0,1.0,3.0,27318.401,0,2.0,4000.0,3.0,11.01,0.15,2.0,628.79,1.0,0
22.0,0.0,3.0,122967.442,1,0.0,20000.0,5.0,13.85,0.19,4.0,624.9,1.0,0
23.0,1.0,1.0,27180.565,0,1.0,6000.0,0.0,13.23,0.22,4.0,620.48,1.0,0
22.0,0.0,3.0,129347.859,1,0.0,20000.0,0.0,11.01,0.18,4.0,633.51,1.0,0
23.0,1.0,1.0,69346.16399999999,1,0.0,20000.0,4.0,18.25,0.21,2.0,629.87,0.0,1
24.0,0.0,2.0,118599.12400000001,1,0.0,20000.0,5.0,6.54,0.18,3.0,639.51,0.0,0
23.0,1.0,0.0,113416.37199999999,0,0.0,20000.0,2.0,11.49,0.18,4.0,645.05,1.0,0
26.0,1.0,0.0,124707.87999999998,5,0.0,20000.0,2.0,11.49,0.18,3.0,654.12,1.0,0
22.0,0.0,2.0,1142.3900000000026,1,2.0,4645.4,1.0,19.94,0.59,2.0,616.56,0.0,0
23.0,1.0,0.0,130442.79499999998,0,0.0,4001.3,5.0,13.57,0.36,4.0,623.0,1.0,0
25.0,1.0,1.0,116599.04100000001,1,0.0,20000.0,1.0,14.35,0.18,3.0,627.18,1.0,0
26.0,1.0,2.0,45825.265,1,2.0,3825.0,5.0,10.65,0.14,4.0,626.15,1.0,0
22.0,0.0,2.0,119483.17,1,0.0,20000.0,3.0,15.65,0.18,2.0,658.35,0.0,0
22.0,1.0,3.0,27481.417,0,2.0,6500.0,3.0,11.01,0.24,4.0,630.38,1.0,0
25.0,0.0,2.0,23796.668999999998,0,2.0,5875.0,1.0,6.62,0.21,2.0,630.98,0.0,1
25.0,1.0,3.0,127398.397,1,0.0,20000.0,2.0,9.25,0.18,2.0,653.74,1.0,0
22.0,1.0,1.0,40536.309,2,2.0,2400.0,2.0,11.71,0.09,3.0,602.62,1.0,0
24.0,1.0,2.0,98228.66500000004,0,2.0,33864.1,0.0,5.42,0.49,4.0,602.68,1.0,0
26.0,0.0,2.0,124310.30899999998,0,0.0,20000.0,5.0,9.45,0.18,4.0,638.74,1.0,0
23.0,1.0,2.0,31800.154,0,2.0,1550.0,5.0,7.49,0.06,2.0,635.73,0.0,1
22.0,1.0,3.0,123272.09199999999,0,0.0,20000.0,0.0,11.01,0.18,2.0,647.2,1.0,0
23.0,1.0,2.0,104577.7,4,0.0,20000.0,5.0,11.01,0.2,2.0,657.01,0.0,1
23.0,1.0,1.0,123047.561,4,0.0,20000.0,1.0,10.99,0.17,2.0,631.5,0.0,0
24.0,0.0,2.0,92500.287,3,0.0,20000.0,4.0,11.01,0.21810000000000002,3.0,665.0,0.0,0
21.0,1.0,2.0,51912.89,0,1.0,10982.141000000001,3.0,10.5259,0.3318000000000001,2.0,635.0,1.0,0
23.0,0.0,2.0,95683.16900000001,0,0.0,20000.0,2.0,13.04,0.21340000000000028,3.0,643.0,1.0,0
22.0,1.0,3.0,33871.379,3,2.0,7200.0,0.0,7.14,0.2838,2.0,636.0,0.0,0
22.0,0.0,3.0,71726.076,0,0.0,20000.0,3.0,15.65,0.27710000000000024,4.0,645.0,0.0,1
22.0,0.0,2.0,89841.353,0,0.0,20000.0,1.0,11.83,0.2232,4.0,575.0,1.0,0
24.0,0.0,2.0,40109.15,0,1.0,3000.0,5.0,16.0,0.1274,2.0,647.0,1.0,0
23.0,1.0,3.0,109347.532,0,0.0,20000.0,1.0,15.28,0.19849999999999998,4.0,569.0,1.0,0
21.0,0.0,2.0,40682.382,2,1.0,4000.0,5.0,15.05,0.1691000000000001,4.0,528.0,0.0,0
22.0,1.0,0.0,27847.38,0,1.0,8500.0,5.0,15.05,0.31,4.0,630.52,0.0,0
24.0,0.0,0.0,73756.28800000003,2,0.0,14266.747000000001,4.0,10.444599999999998,0.21750000000000003,3.0,567.0,0.0,0
25.0,0.0,1.0,70942.127,1,0.0,20000.0,4.0,16.35,0.28160000000000024,3.0,650.0,0.0,1
26.0,1.0,3.0,29273.551,2,1.0,7500.0,3.0,10.96,0.28,2.0,633.71,1.0,0
25.0,0.0,1.0,86755.575,0,0.0,20000.0,4.0,13.06,0.22880000000000017,2.0,672.0,0.0,0
25.0,1.0,2.0,58138.33100000001,1,0.0,20000.0,4.0,21.26,0.34370000000000006,2.0,638.0,1.0,0
25.0,0.0,2.0,39476.514,2,1.0,7500.0,3.0,11.01,0.28980000000000006,3.0,665.0,0.0,0
23.0,0.0,1.0,111251.82,4,2.0,12391.305000000002,1.0,9.979800000000001,0.1702000000000001,4.0,605.0,1.0,0
22.0,1.0,1.0,70192.112,0,0.0,20000.0,2.0,14.96,0.27390000000000003,4.0,653.0,0.0,1
23.0,1.0,3.0,133142.43,2,0.0,17384.123,2.0,10.076799999999997,0.3600000000000002,2.0,685.0,0.0,1
22.0,1.0,2.0,91056.33600000001,0,0.0,20000.0,0.0,12.21,0.22180000000000002,3.0,580.0,1.0,0
25.0,1.0,3.0,37735.187,1,2.0,6400.0,0.0,7.88,0.26379999999999987,4.0,672.0,1.0,0
26.0,1.0,0.0,55333.359,0,1.0,14602.908000000001,0.0,11.460900000000002,0.2,3.0,638.68,0.0,0
26.0,1.0,2.0,116636.843,6,0.0,20000.0,5.0,10.74,0.18709999999999993,2.0,636.0,1.0,0
23.0,0.0,3.0,69340.136,0,0.0,20000.0,0.0,13.22,0.2790999999999999,3.0,559.0,0.0,1
23.0,0.0,2.0,115246.56199999999,1,0.0,20000.0,5.0,14.59,0.17,2.0,649.5,0.0,1
25.0,1.0,3.0,142320.902,5,0.0,20000.0,4.0,11.01,0.15,4.0,634.42,0.0,0
25.0,1.0,2.0,71279.36799999999,2,0.0,20000.0,0.0,11.01,0.28130000000000027,3.0,672.0,0.0,1
23.0,1.0,1.0,89870.323,1,0.0,20000.0,1.0,12.42,0.22369999999999993,3.0,630.0,0.0,0
22.0,1.0,2.0,5944.928000000006,0,0.0,20000.0,1.0,14.17,0.34959999999999986,3.0,476.0,1.0,0
22.0,0.0,1.0,82498.42599999999,0,0.0,20000.0,5.0,13.72,0.23839999999999978,3.0,691.0,1.0,0
24.0,1.0,3.0,98175.25099999999,2,0.0,20000.0,0.0,10.38,0.20900000000000013,4.0,672.0,1.0,0
23.0,1.0,3.0,107878.53600000002,0,0.0,20000.0,3.0,11.01,0.19969999999999988,2.0,709.0,0.0,0
22.0,0.0,3.0,62570.25799999999,1,2.0,12422.761000000004,0.0,9.723600000000001,0.35,3.0,592.88,1.0,0
22.0,0.0,3.0,50550.999000000025,0,2.0,10848.423999999999,4.0,11.172000000000002,0.3261000000000001,3.0,564.0,0.0,1
23.0,1.0,1.0,27851.832000000002,0,2.0,3000.0,0.0,8.9,0.10920000000000002,2.0,626.0,0.0,1
25.0,0.0,0.0,110867.51199999999,1,0.0,20000.0,2.0,17.39,0.19,2.0,646.33,0.0,1
23.0,0.0,2.0,27328.553,0,2.0,4800.0,0.0,5.79,0.17,2.0,620.39,0.0,0
22.0,1.0,1.0,54137.23100000001,2,2.0,12580.857,0.0,10.818599999999996,0.29,2.0,617.51,0.0,1
23.0,1.0,1.0,93698.78300000001,1,0.0,20000.0,2.0,10.37,0.2142000000000002,4.0,628.0,1.0,0
24.0,1.0,2.0,36911.833,0,1.0,4750.0,4.0,11.36,0.19940000000000013,3.0,562.0,1.0,0
24.0,0.0,3.0,92976.786,0,0.0,20000.0,3.0,8.9,0.2167,3.0,670.0,0.0,0
23.0,0.0,3.0,134896.05199999997,0,0.0,16418.758,3.0,9.440499999999998,0.18630000000000005,4.0,602.0,0.0,0
22.0,1.0,1.0,35390.33,0,2.0,3000.0,1.0,8.94,0.1259,2.0,595.0,1.0,0
25.0,1.0,3.0,109458.295,3,0.0,20000.0,0.0,15.27,0.19569999999999996,2.0,687.0,0.0,0
26.0,0.0,2.0,111197.907,3,0.0,20000.0,5.0,13.11,0.19360000000000002,4.0,668.0,1.0,0
23.0,1.0,2.0,36203.314,0,2.0,6000.0,1.0,16.0,0.24110000000000006,2.0,657.0,1.0,0
24.0,0.0,1.0,44588.998999999996,0,0.0,20000.0,1.0,12.36,0.3830000000000001,2.0,527.0,1.0,0
22.0,1.0,3.0,27556.76499999997,0,2.0,12679.793999999993,5.0,10.048299999999996,0.35260000000000014,4.0,524.0,1.0,0
21.0,0.0,1.0,33685.448,0,2.0,7000.0,2.0,8.9,0.2827000000000001,3.0,606.0,1.0,0
25.0,1.0,0.0,84277.30900000001,0,0.0,20000.0,1.0,6.54,0.2409999999999998,4.0,546.0,1.0,0
24.0,0.0,0.0,69610.42799999999,2,0.0,20000.0,3.0,15.99,0.28759999999999986,3.0,681.0,0.0,1
23.0,1.0,1.0,88196.968,2,2.0,13130.398000000001,4.0,11.365500000000003,0.19710000000000022,3.0,635.0,0.0,1
26.0,1.0,0.0,43043.573,6,0.0,20000.0,5.0,17.99,0.45399999999999996,3.0,604.0,0.0,1
22.0,1.0,2.0,190840.32700000002,0,0.0,20000.0,0.0,7.49,0.1,4.0,622.74,1.0,0
22.0,1.0,3.0,86142.194,0,2.0,17221.697,5.0,10.0,0.1951000000000002,4.0,635.59,1.0,0
26.0,0.0,1.0,112169.24299999999,4,0.0,20000.0,4.0,9.99,0.19060000000000005,3.0,660.0,1.0,0
26.0,0.0,2.0,178930.057,2,0.0,20000.0,3.0,12.472999999999997,0.1,4.0,652.0,0.0,0
26.0,0.0,2.0,179900.30699999994,4,0.0,20000.0,4.0,11.9575,0.1,2.0,615.0,0.0,0
21.0,0.0,2.0,99143.11700000003,0,2.0,3000.0,5.0,10.7682,0.1,3.0,638.0,1.0,0
25.0,1.0,2.0,171719.1,2,0.0,20000.0,5.0,11.930999999999994,0.09,2.0,680.0,1.0,0
25.0,1.0,1.0,109013.165,2,2.0,15992.726999999999,4.0,11.880699999999997,0.15,2.0,639.44,0.0,0
25.0,0.0,3.0,95210.13100000001,0,0.0,22017.5,2.0,13.528400000000001,0.28,4.0,630.81,0.0,1
26.0,0.0,0.0,111375.83799999999,0,0.0,20157.815000000002,2.0,11.979300000000002,0.14,4.0,653.38,1.0,0
26.0,1.0,0.0,83054.43,8,0.0,18472.066000000003,2.0,11.701399999999994,0.23939999999999984,2.0,659.0,0.0,0
25.0,1.0,1.0,37722.68,4,2.0,10000.0,0.0,10.344399999999997,0.35,2.0,570.0,0.0,1
21.0,0.0,2.0,69339.15999999999,1,0.0,14201.708,1.0,11.267999999999997,0.2905000000000001,2.0,658.0,1.0,0
22.0,0.0,0.0,54454.25999999998,0,2.0,11050.616000000002,1.0,11.719200000000006,0.24,3.0,648.25,1.0,0
25.0,1.0,1.0,88081.067,6,0.0,17665.171000000002,5.0,11.8269,0.20790000000000025,4.0,645.0,1.0,0
23.0,1.0,3.0,78836.197,0,0.0,1000.0,0.0,12.3742,0.08,2.0,541.0,0.0,1
22.0,0.0,1.0,64864.092000000004,1,0.0,1000.0,4.0,12.349199999999996,0.08,4.0,610.0,0.0,1
21.0,0.0,0.0,81502.608,1,0.0,17331.575,4.0,12.320500000000003,0.3713000000000002,4.0,787.0,0.0,1
22.0,1.0,1.0,142434.26,0,2.0,7874.789000000002,1.0,10.965900000000007,0.08,4.0,615.71,0.0,0
21.0,1.0,3.0,34183.344999999994,0,3.0,2400.0,1.0,9.895299999999997,0.08,4.0,628.0,1.0,0
23.0,0.0,0.0,69115.72700000001,1,0.0,1000.0,2.0,12.936,0.07,2.0,667.0,0.0,1
22.0,1.0,3.0,89103.929,0,0.0,1000.0,2.0,11.477899999999998,0.07,4.0,540.0,1.0,0
22.0,0.0,2.0,79081.76400000001,0,0.0,1000.0,3.0,11.264499999999998,0.07,4.0,672.0,1.0,0
23.0,0.0,2.0,79900.65300000002,3,0.0,1000.0,5.0,11.9437,0.06,3.0,602.0,1.0,0
25.0,1.0,2.0,81394.91600000001,2,0.0,1000.0,1.0,11.141800000000003,0.07,2.0,611.0,0.0,0
21.0,1.0,3.0,83639.051,0,0.0,1000.0,1.0,11.735399999999997,0.07,2.0,669.0,1.0,0
22.0,1.0,1.0,79209.585,1,0.0,1000.0,0.0,12.088000000000001,0.07,3.0,559.0,0.0,1
22.0,0.0,2.0,117964.88100000005,3,0.0,1730.297,0.0,12.387199999999993,0.06,3.0,599.95,0.0,1
24.0,1.0,2.0,75071.081,0,0.0,1000.0,5.0,12.895999999999994,0.06,4.0,562.0,0.0,1
21.0,1.0,1.0,80819.214,0,0.0,1000.0,3.0,12.612099999999998,0.05,4.0,559.0,0.0,1
23.0,0.0,2.0,30451.370999999996,1,1.0,2000.0,3.0,11.681299999999997,0.07,3.0,591.0,0.0,0
21.0,0.0,1.0,53359.075,0,1.0,5000.0,3.0,12.120199999999997,0.24559999999999996,3.0,631.14,1.0,0
22.0,1.0,3.0,73351.077,2,0.0,1000.0,3.0,12.421299999999997,0.05,3.0,623.0,0.0,1
21.0,1.0,3.0,37282.634999999995,0,1.0,15000.0,1.0,8.94,0.53,2.0,611.06,1.0,0
22.0,1.0,3.0,72509.713,0,0.0,1000.0,2.0,14.3,0.05,3.0,598.76,0.0,1
21.0,1.0,2.0,71730.094,0,0.0,1000.0,3.0,12.333299999999998,0.05,3.0,604.0,0.0,1
24.0,1.0,2.0,78701.44400000002,3,0.0,1000.0,3.0,11.850500000000002,0.05,3.0,619.0,1.0,0
22.0,0.0,3.0,78986.05,0,0.0,1000.0,1.0,11.073900000000002,0.05,4.0,665.0,1.0,0
24.0,1.0,2.0,136301.13499999998,3,0.0,15718.327000000001,1.0,9.772900000000002,0.18030000000000018,4.0,606.0,1.0,0
23.0,0.0,1.0,52355.327000000005,2,0.0,19000.0,1.0,11.202499999999997,0.39,2.0,606.0,0.0,1
22.0,1.0,3.0,88151.847,0,0.0,19268.849000000002,3.0,11.613100000000001,0.39,3.0,642.81,0.0,1
25.0,0.0,0.0,46646.206000000006,1,0.0,19000.0,2.0,11.649,0.33,2.0,648.0,0.0,1
25.0,1.0,2.0,61592.456999999995,1,0.0,19000.0,4.0,10.473700000000001,0.31,4.0,645.0,0.0,1
25.0,1.0,2.0,63294.66499999999,0,0.0,19000.0,2.0,10.952500000000002,0.3,4.0,610.0,0.0,1
24.0,1.0,1.0,28438.749,1,2.0,7000.0,5.0,10.697000000000001,0.24,3.0,607.0,1.0,0
26.0,1.0,1.0,51748.240999999995,2,0.0,19000.0,0.0,11.4275,0.33,4.0,649.0,0.0,1
25.0,1.0,2.0,71399.724,2,0.0,19000.0,5.0,11.01,0.29,4.0,636.45,0.0,1
22.0,1.0,0.0,83751.84999999999,0,0.0,21540.0,3.0,13.038499999999997,0.29,4.0,671.18,0.0,1
23.0,0.0,3.0,76477.782,3,0.0,19000.0,0.0,11.14,0.29,2.0,629.65,0.0,1
26.0,1.0,2.0,63131.45600000001,7,0.0,20773.058,2.0,13.9021,0.25,2.0,647.41,0.0,1
22.0,0.0,1.0,112860.998,1,0.0,20287.415,2.0,12.837599999999998,0.22,4.0,639.09,1.0,0
23.0,0.0,0.0,103752.50099999999,3,0.0,19676.038,2.0,12.497800000000002,0.22,4.0,666.26,1.0,0
24.0,0.0,2.0,98895.52899999998,0,0.0,19000.0,4.0,11.866900000000005,0.21,3.0,653.0,0.0,0
23.0,1.0,2.0,105911.81799999998,0,0.0,19000.0,3.0,11.167999999999996,0.2,2.0,642.0,1.0,0
25.0,0.0,2.0,37607.894,6,2.0,6000.0,2.0,12.243,0.2,2.0,664.0,0.0,1
22.0,1.0,2.0,58505.74200000002,1,1.0,2500.0,3.0,11.665200000000002,0.08,2.0,592.0,1.0,0
26.0,1.0,3.0,162646.67599999995,3,0.0,14622.179000000004,0.0,9.617099999999999,0.1379000000000001,2.0,579.0,0.0,0
24.0,1.0,1.0,-10456.565999999986,0,0.0,28771.851000000013,4.0,14.748400000000002,0.35180000000000006,2.0,502.0,1.0,0
24.0,0.0,1.0,175794.35,0,0.0,19000.0,0.0,11.731799999999998,0.09,3.0,655.0,0.0,0
26.0,1.0,2.0,60272.70299999998,1,0.0,17519.908,0.0,10.735400000000002,0.3618999999999996,3.0,632.0,0.0,1
26.0,0.0,3.0,94655.27500000002,2,0.0,21965.0,5.0,13.039099999999996,0.28,2.0,630.27,0.0,1
22.0,0.0,2.0,100852.17700000001,4,0.0,16571.264000000003,5.0,11.3127,0.19060000000000005,2.0,661.0,1.0,0
22.0,1.0,2.0,83070.281,0,0.0,17863.75,3.0,12.300300000000002,0.3035,3.0,667.0,0.0,1
22.0,1.0,1.0,87226.83733333333,0,0.0,18187.9,5.0,13.405400000000007,0.3148000000000002,4.0,694.0,0.0,1
24.0,1.0,3.0,100512.159,4,1.0,15542.188,3.0,9.919299999999998,0.1691000000000001,3.0,641.0,0.0,0
24.0,1.0,2.0,62232.65900000001,0,0.0,20171.91900000001,2.0,12.152000000000008,0.44,2.0,643.15,0.0,1
21.0,1.0,3.0,68191.044,0,0.0,17328.16900000001,1.0,10.946800000000007,0.42,3.0,646.85,0.0,1
22.0,1.0,0.0,73757.20433333331,0,0.0,19505.7,2.0,12.9219,0.2922999999999998,4.0,736.0,0.0,1
25.0,0.0,1.0,88936.875,6,0.0,22340.0,5.0,12.880900000000004,0.27,3.0,630.97,0.0,1
23.0,1.0,3.0,115969.105,3,0.0,23235.115,1.0,11.26,0.2,3.0,697.0,1.0,0
25.0,1.0,3.0,110152.22299999998,1,0.0,24139.5,1.0,7.49,0.2,3.0,608.0,1.0,0
24.0,1.0,0.0,103780.21100000001,1,0.0,23512.5,4.0,7.9,0.21,2.0,605.0,0.0,1
22.0,0.0,2.0,51992.988000000005,1,1.0,17469.44,2.0,9.91,0.27,2.0,592.0,0.0,0
21.0,1.0,3.0,151930.938,0,2.0,18665.345,3.0,7.9,0.1,4.0,642.0,1.0,0
24.0,1.0,2.0,105119.095,1,0.0,22890.0,3.0,15.33,0.2,2.0,692.0,0.0,1
26.0,1.0,1.0,173627.18600000002,3,0.0,23435.0,1.0,12.87,0.11,3.0,584.0,0.0,0
22.0,1.0,3.0,90593.812,2,2.0,16564.4,1.0,7.9,0.17,2.0,598.0,1.0,0
22.0,0.0,3.0,83427.26,3,0.0,24486.0,0.0,13.16,0.31,2.0,653.0,0.0,1
22.0,0.0,2.0,89026.94699999999,0,0.0,24740.0,5.0,9.99,0.3,2.0,649.0,0.0,1
23.0,1.0,1.0,114840.92600000002,0,0.0,22901.365,0.0,8.9,0.13,2.0,674.0,1.0,0
22.0,1.0,1.0,57394.36,0,2.0,15846.405,3.0,14.65,0.17,4.0,655.0,0.0,1
25.0,0.0,1.0,62974.18000000001,0,2.0,16183.715,5.0,13.49,0.2,3.0,636.0,1.0,0
22.0,0.0,1.0,65419.37399999998,1,0.0,21584.690000000013,3.0,12.868900000000005,0.5,3.0,638.96,0.0,1
24.0,0.0,2.0,106303.15899999999,1,0.0,23007.5,0.0,15.616100000000007,0.18,4.0,637.66,0.0,1
25.0,0.0,0.0,43564.422,3,0.0,20510.0,3.0,17.04,0.43,3.0,587.0,0.0,1
23.0,1.0,0.0,76636.251,0,0.0,26707.5,2.0,10.25,0.35,3.0,657.0,0.0,1
22.0,1.0,0.0,73987.83299999996,0,2.0,13585.516000000001,3.0,10.8859,0.2035000000000001,3.0,761.0,0.0,0
22.0,0.0,2.0,82707.41100000001,0,0.0,29200.0,0.0,14.61,0.4,2.0,561.0,0.0,1
24.0,0.0,1.0,78715.77933333332,0,0.0,24790.0,3.0,13.35,0.33,4.0,684.0,0.0,1
25.0,0.0,2.0,61164.801000000014,0,2.0,15937.85,5.0,5.99,0.19,3.0,639.0,0.0,0
23.0,0.0,1.0,78060.435,0,0.0,25286.0,0.0,10.75,0.33,2.0,590.0,0.0,1
25.0,0.0,2.0,80107.732,0,0.0,25440.0,5.0,14.26,0.32,3.0,610.0,0.0,1
25.0,0.0,1.0,82892.45,1,0.0,23035.0,3.0,17.56,0.27,2.0,594.0,0.0,1
25.0,1.0,3.0,79829.47200000001,1,0.0,24117.597999999998,3.0,14.83,0.31,3.0,609.0,0.0,1
22.0,0.0,1.0,84326.022,1,0.0,24005.0,5.0,16.7,0.3,3.0,633.0,0.0,1
23.0,0.0,3.0,85549.62199999999,0,0.0,24622.0,3.0,10.74,0.3,2.0,685.0,0.0,1
26.0,0.0,3.0,77381.775,3,0.0,25259.0,4.0,14.91,0.34,4.0,663.0,0.0,1
24.0,0.0,1.0,74582.29900000001,1,0.0,28037.5,3.0,8.88,0.42,4.0,562.0,0.0,1
25.0,1.0,3.0,76319.416,3,0.0,28315.0,0.0,9.91,0.41,4.0,647.0,0.0,1
22.0,1.0,3.0,71062.00600000001,0,0.0,26660.0,5.0,11.71,0.41,3.0,601.0,0.0,1
24.0,1.0,2.0,121040.41600000001,3,0.0,22590.0,1.0,15.0229,0.2,2.0,650.1,0.0,1
23.0,1.0,3.0,144752.06199999992,0,0.0,18670.34,3.0,12.573600000000004,0.26830000000000015,4.0,790.0,0.0,1
23.0,0.0,2.0,37467.06799999999,0,1.0,6176.0,1.0,15.62,0.27,2.0,639.0,0.0,0
23.0,0.0,2.0,62462.416000000005,3,0.0,24762.5,3.0,9.91,0.44,4.0,662.0,0.0,1
21.0,0.0,2.0,66579.567,0,0.0,24905.0,0.0,9.88,0.41,3.0,654.0,0.0,1
21.0,1.0,2.0,67265.96699999999,1,0.0,18652.299000000014,1.0,11.215800000000002,0.56,4.0,648.21,0.0,1
23.0,1.0,0.0,76238.73,0,0.0,27910.0,1.0,9.25,0.37,4.0,662.0,0.0,1
25.0,1.0,0.0,70133.539,3,0.0,26087.5,2.0,13.11,0.37,3.0,675.0,0.0,1
22.0,0.0,1.0,62583.869000000006,0,2.0,16126.29,5.0,10.99,0.17,4.0,624.0,1.0,0
25.0,0.0,2.0,76089.85,4,0.0,26177.5,3.0,6.17,0.35,2.0,642.0,0.0,1
24.0,0.0,3.0,42413.84799999999,2,2.0,14976.39,2.0,5.99,0.27,4.0,689.0,1.0,0
24.0,1.0,2.0,223392.58399999997,1,1.0,16630.0,1.0,7.49,0.08,2.0,603.0,1.0,0
24.0,0.0,1.0,84321.373,0,0.0,22012.539000000004,5.0,13.079199999999997,0.34,2.0,651.27,0.0,1
24.0,0.0,1.0,79682.586,4,0.0,26607.5,2.0,7.9,0.34,2.0,608.0,0.0,1
22.0,0.0,1.0,76439.11,0,0.0,25281.0,1.0,13.57,0.34,4.0,664.0,0.0,1
24.0,0.0,0.0,71571.265,0,0.0,23014.0,3.0,12.18,0.34,2.0,660.0,0.0,1
25.0,0.0,3.0,73052.24,2,0.0,27366.5,2.0,17.19,0.38,3.0,654.0,0.0,1
22.0,1.0,1.0,79094.39,0,0.0,24473.5,2.0,15.23,0.32,2.0,672.0,0.0,1
22.0,1.0,1.0,84563.42,0,0.0,24381.0,1.0,11.01,0.31,2.0,591.0,0.0,1
24.0,1.0,3.0,75520.81800000001,0,0.0,26348.5,4.0,14.46,0.35,3.0,618.0,0.0,1
24.0,0.0,2.0,77379.23599999999,4,1.0,16702.805,3.0,6.99,0.14,3.0,614.0,1.0,0
24.0,0.0,2.0,78544.719,2,0.0,27005.675,5.0,16.63,0.34,2.0,709.0,0.0,1
24.0,0.0,0.0,84415.065,0,0.0,24715.0,2.0,12.42,0.29,4.0,674.0,0.0,1
24.0,0.0,2.0,92347.66399999999,1,0.0,25140.0,3.0,7.9,0.29,4.0,628.0,0.0,1
23.0,0.0,2.0,68082.803,1,2.0,15735.52,2.0,15.99,0.17,2.0,673.0,0.0,1
23.0,0.0,2.0,93949.775,3,1.0,16879.535,0.0,10.99,0.14,4.0,595.0,1.0,0
26.0,0.0,1.0,78048.951,7,0.0,23656.5,1.0,13.11,0.3,3.0,651.0,0.0,1
22.0,0.0,1.0,84569.39199999999,0,0.0,24052.5,3.0,13.79,0.3,2.0,618.0,0.0,1
22.0,1.0,0.0,221497.85199999998,0,1.0,16400.0,1.0,10.59,0.08,2.0,620.0,1.0,0
22.0,0.0,0.0,77889.478,0,0.0,22811.5,1.0,11.01,0.29,4.0,641.0,0.0,1
22.0,0.0,0.0,25353.878999999994,0,1.0,5312.704000000001,2.0,12.68,0.2,4.0,638.0,0.0,0
25.0,1.0,2.0,92579.933,4,0.0,24787.5,3.0,12.98,0.28,4.0,572.0,0.0,1
22.0,0.0,0.0,85380.58,2,0.0,23722.5,3.0,7.96,0.28,4.0,617.0,0.0,1
25.0,1.0,3.0,93909.76800000001,3,0.0,25201.0,3.0,12.21,0.28,2.0,647.0,0.0,1
22.0,0.0,2.0,84803.59300000002,0,0.0,679.5200000000003,5.0,12.255199999999995,-0.03,3.0,596.52,0.0,1
24.0,0.0,1.0,83448.682,0,0.0,24482.5,0.0,6.54,0.31,2.0,634.0,0.0,1
23.0,1.0,1.0,40006.58899999999,0,1.0,5506.847999999999,0.0,5.79,0.26,3.0,574.0,1.0,0
25.0,0.0,3.0,92730.522,3,0.0,24425.0,1.0,12.84,0.27,2.0,594.0,0.0,1
25.0,0.0,1.0,97899.192,4,0.0,25990.0,4.0,10.99,0.27,4.0,646.0,0.0,1
