Attendance (%),Midterm_Score,Final_Score,Assignments_Avg,Quizzes_Avg,Participation_Score,Projects_Score,Total_Score,Study_Hours_per_Week,Sleep_Hours_per_Night,Grade
97.36,40.61,59.61,73.69,53.17,7.34,62.84,83.49,10.3,5.9,0.0
97.71,57.27,74.0,74.23,98.23,8.8,98.23,92.29,27.1,4.3,1.0
99.52,41.84,63.85,85.85,50.0,0.47,91.22,93.55,12.4,6.1,1.0
90.38,45.65,44.44,68.1,66.27,0.42,55.48,51.03,25.5,4.9,2.0
84.82,,,86.79,,-2.04,,45.63,31.9,8.9,2.0
60.6,70.21,64.48,87.85,52.26,5.48,67.65,92.66,25.3,5.6,3.0
67.01,90.85,93.74,89.0,54.17,1.55,87.51,79.78,22.1,4.0,2.0
16.68,119.75,59.47,38.6,77.34,5.48,41.52,99.73,-7.7,7.8,1.0
117.5,76.97,62.75,,,9.74,,,18.1,4.8,3.0
89.45,95.69,86.97,60.65,94.8,6.31,83.09,61.98,9.4,7.1,0.0
86.2,70.0,85.54,67.58,77.77,4.49,93.14,74.52,7.9,8.2,3.0
59.3,93.34,87.9,64.57,80.18,8.28,66.17,93.25,22.9,8.6,4.0
95.48,67.24,97.23,83.43,67.3,2.13,54.02,90.16,26.2,6.8,3.0
64.41,56.63,32.69,120.93,,4.14,51.36,,3.7,5.3,2.0
16.74,39.23,64.46,59.6,93.68,-0.18,19.55,89.28,27.8,7.4,0.0
56.69,,89.29,47.69,73.81,,,72.94,,11.5,4.0
21.85,,,35.82,55.13,,,,,12.1,3.0
54.04,59.73,56.66,75.29,99.99,2.93,64.97,61.02,27.5,7.4,0.0
82.84,79.77,58.18,81.04,58.22,0.57,55.52,67.4,9.2,7.3,2.0
82.69,99.7,53.43,94.68,83.73,9.16,82.56,58.2,23.3,7.9,0.0
54.75,41.53,48.7,59.61,97.45,2.17,99.6,50.36,23.8,7.1,0.0
65.94,93.99,51.07,54.35,68.11,3.79,95.05,54.03,8.8,8.4,4.0
99.64,40.24,43.79,81.36,86.72,5.31,62.64,87.98,27.7,7.5,1.0
83.92,61.85,93.31,69.71,67.54,9.76,88.5,51.67,5.2,8.6,2.0
86.5,50.12,95.86,58.15,65.25,5.35,96.84,69.99,15.9,7.8,4.0
60.65,85.44,75.21,55.85,60.09,4.48,95.32,99.29,5.5,7.7,4.0
53.94,43.04,90.43,77.95,91.05,5.84,94.23,89.76,18.1,8.3,4.0
98.77,50.74,51.01,94.35,79.58,4.0,37.26,43.21,15.3,11.1,1.0
62.44,57.7,94.1,99.87,64.16,8.18,64.65,63.74,20.6,4.9,1.0
61.73,48.02,70.38,70.3,99.95,1.69,54.18,82.09,24.2,4.4,3.0
59.64,86.31,44.03,60.61,66.37,8.03,74.39,74.94,24.2,5.6,3.0
126.48,88.09,,64.09,100.7,2.31,36.51,,11.3,13.0,2.0
66.41,53.42,58.54,62.21,99.5,6.91,99.92,71.79,7.5,4.1,2.0
91.02,56.5,42.61,74.7,68.47,6.57,67.92,76.55,15.4,4.8,1.0
,116.73,6.72,28.82,68.31,-3.44,39.13,73.51,3.6,,1.0
73.23,79.58,43.6,72.68,91.39,6.42,88.66,66.47,21.4,4.2,1.0
50.68,41.06,54.16,89.8,65.6,7.38,70.56,60.82,22.0,8.1,4.0
74.08,54.51,55.94,60.83,61.69,1.23,55.92,72.42,10.7,5.4,1.0
52.79,65.86,99.66,95.22,71.16,2.57,61.86,76.22,13.1,7.6,4.0
,59.92,54.13,53.91,45.58,-4.73,131.82,83.54,,1.5,4.0
89.53,93.05,54.35,66.66,52.16,8.41,91.5,90.3,26.2,6.0,2.0
74.51,87.26,81.21,59.03,68.7,6.8,98.97,71.1,9.1,4.6,0.0
54.33,77.55,91.56,63.98,67.31,4.51,56.61,70.66,18.6,4.0,3.0
79.62,60.28,63.22,66.63,62.24,8.26,57.8,82.94,17.3,7.1,3.0
87.94,82.04,92.54,77.85,82.71,7.17,52.12,88.66,16.1,6.4,2.0
59.54,90.62,60.41,52.32,64.5,9.14,63.02,99.3,16.8,6.1,2.0
78.41,75.69,51.82,95.72,80.34,0.77,91.05,58.68,21.1,4.4,1.0
90.71,87.07,59.78,54.93,75.22,5.09,59.91,67.28,29.2,6.9,1.0
,121.27,50.01,82.45,,7.07,49.05,,12.7,,1.0
90.15,74.3,62.03,55.46,63.33,2.07,72.32,94.04,26.9,4.3,4.0
34.4,,,99.25,94.03,-8.04,35.93,71.45,0.0,6.1,4.0
110.23,,21.11,91.88,38.09,,108.66,,,5.6,1.0
70.28,52.41,82.06,80.76,80.96,7.94,75.12,99.26,16.0,8.5,4.0
78.44,86.77,60.85,61.37,83.64,4.94,66.74,77.51,17.8,5.3,2.0
71.41,,67.35,68.76,,-1.22,130.55,55.91,,,1.0
84.86,89.33,73.46,90.04,80.77,4.31,64.0,68.06,28.1,8.1,3.0
99.78,68.37,81.17,87.68,99.1,2.29,82.16,51.81,16.3,4.5,3.0
50.68,51.55,,92.38,53.72,9.23,97.86,92.47,,6.4,4.0
67.76,45.98,136.53,121.12,40.96,11.64,38.62,,,5.6,3.0
64.05,84.6,83.31,75.07,86.65,5.67,70.92,79.61,19.5,7.0,1.0
63.12,93.18,54.05,68.7,52.3,1.49,87.38,55.31,11.9,7.4,3.0
61.13,79.05,98.5,61.19,88.91,4.34,90.46,50.38,27.8,6.1,2.0
85.46,48.65,79.89,77.87,98.98,9.04,66.29,62.81,15.5,8.5,4.0
54.24,96.09,67.15,94.47,54.42,9.95,85.26,77.59,29.8,5.4,3.0
87.08,99.35,49.45,79.7,91.11,3.62,71.72,53.75,7.7,4.5,4.0
84.67,66.0,71.99,95.98,68.93,1.54,90.93,80.74,9.7,8.9,2.0
62.54,75.69,49.89,67.85,57.21,3.14,64.77,83.6,17.8,7.3,3.0
62.64,86.63,65.77,84.76,74.66,3.27,96.89,98.48,26.7,7.3,1.0
81.44,84.18,64.52,82.43,53.58,6.45,78.74,94.98,13.8,8.1,0.0
88.11,98.07,83.2,83.52,76.11,4.96,67.67,78.34,25.9,6.1,3.0
131.44,80.64,,56.62,50.97,,32.38,40.57,20.7,2.5,2.0
92.61,74.84,89.31,61.08,86.43,7.01,67.39,68.18,26.3,8.7,0.0
98.24,81.52,59.57,57.18,74.4,2.51,57.31,79.29,11.9,5.9,3.0
79.07,93.41,66.64,98.93,72.95,7.84,53.42,70.17,16.8,4.4,4.0
95.43,92.45,86.34,52.26,59.81,8.47,66.09,66.85,12.0,5.5,2.0
90.43,98.68,77.52,73.39,68.06,5.98,72.93,86.38,10.4,8.4,3.0
120.88,136.37,6.3,,,0.28,33.13,,,6.9,2.0
80.48,,84.45,,113.59,3.46,25.4,,1.0,,1.0
98.3,65.64,58.35,89.1,59.95,5.95,78.95,68.36,24.7,5.3,0.0
,105.27,44.72,,,2.33,79.68,,23.7,3.8,0.0
89.91,55.2,59.96,95.26,63.98,6.0,60.55,58.52,14.0,6.6,1.0
56.36,20.76,83.54,69.77,48.1,,89.22,78.74,,4.6,0.0
69.8,99.15,74.79,78.21,77.02,3.56,76.02,94.39,29.3,5.2,0.0
63.57,55.38,48.74,94.62,71.17,8.83,54.76,50.77,27.9,4.8,1.0
64.58,43.37,58.62,99.69,83.65,1.23,62.82,97.39,19.7,4.3,4.0
56.16,88.93,53.29,98.46,70.79,4.74,72.59,94.95,15.3,8.1,0.0
90.29,77.21,63.42,85.89,91.07,5.37,58.39,70.89,12.8,7.6,4.0
50.46,97.58,70.96,57.16,86.48,5.55,72.31,82.65,5.4,5.5,2.0
65.63,55.13,70.41,51.16,77.03,6.52,67.14,99.55,20.8,8.2,2.0
58.72,44.26,85.27,91.26,93.85,5.06,93.03,77.75,18.8,8.2,0.0
79.45,69.55,51.35,92.05,91.44,2.57,89.75,54.84,20.7,4.7,2.0
62.71,45.13,96.79,87.32,76.59,8.57,99.64,92.68,19.4,7.6,1.0
,,,80.29,53.42,-1.55,,56.71,8.4,5.5,0.0
74.42,47.56,58.01,81.99,78.3,8.58,78.77,62.86,22.4,6.3,1.0
82.63,53.45,81.11,65.81,67.76,2.76,97.33,93.68,14.0,6.2,4.0
56.07,46.37,88.33,72.53,77.01,6.37,69.98,62.8,17.9,7.0,3.0
58.78,97.23,62.71,69.12,82.36,7.14,77.78,87.25,14.1,5.7,3.0
62.36,56.71,84.81,95.68,82.24,3.83,68.95,72.38,5.5,4.4,0.0
113.31,,,61.71,49.52,13.26,70.18,36.82,12.1,7.4,1.0
69.86,,60.34,78.88,83.96,0.03,17.3,90.01,,4.3,3.0
79.95,,,,,,129.4,70.98,,6.3,0.0
62.08,77.08,89.64,83.15,59.59,6.14,99.26,65.91,27.1,6.7,3.0
74.52,82.33,86.47,78.23,81.53,5.34,53.29,62.45,10.5,4.8,3.0
53.71,89.73,80.16,96.2,70.41,6.3,90.05,65.72,15.3,7.1,2.0
51.74,92.66,85.6,55.08,88.14,1.67,62.09,66.15,14.4,7.1,0.0
73.44,78.56,98.77,61.03,56.25,6.85,59.88,97.77,7.2,7.1,3.0
69.93,93.4,65.87,88.32,59.58,3.36,84.67,76.66,15.6,8.5,0.0
56.84,72.12,44.03,68.44,77.92,4.52,52.21,73.1,17.0,7.6,2.0
115.21,56.64,,58.29,,12.22,,123.23,,2.5,0.0
,119.18,,113.6,87.75,,33.06,70.64,,8.4,2.0
69.78,72.49,57.66,82.61,70.42,6.22,77.72,82.68,,,3.0
81.23,94.37,75.21,52.24,51.75,8.38,73.1,85.17,27.3,5.0,3.0
98.15,,80.89,36.39,76.28,,37.8,12.3,6.7,,3.0
,63.85,52.71,40.86,,,86.01,,-8.3,7.5,2.0
,,40.54,46.75,,-4.0,56.3,,,,4.0
86.87,54.98,65.23,51.77,93.19,6.89,67.73,84.26,14.0,4.7,2.0
56.41,96.49,94.01,64.1,63.01,3.47,96.58,67.22,10.6,8.2,2.0
75.61,97.23,44.79,81.96,51.7,4.14,86.27,87.41,11.3,5.9,1.0
63.95,92.93,90.41,59.97,85.43,5.63,79.71,60.66,19.9,4.9,3.0
58.06,73.82,89.71,91.37,92.77,2.94,77.95,70.18,7.0,4.7,3.0
71.31,78.82,59.32,83.83,56.91,2.09,69.9,73.56,6.5,8.6,1.0
56.55,92.18,57.92,73.57,69.29,1.4,79.26,58.33,20.7,4.7,4.0
84.95,86.55,58.31,95.78,57.94,3.53,88.58,53.48,29.5,5.8,0.0
72.81,77.81,88.68,69.59,55.32,0.48,56.38,65.85,17.1,7.2,3.0
76.56,98.94,89.9,61.75,82.41,5.83,98.49,77.24,15.3,6.0,3.0
57.32,140.78,94.09,58.92,55.56,5.01,79.02,110.88,36.0,0.9,2.0
56.99,98.53,75.56,78.66,83.91,3.77,72.39,71.26,11.0,8.0,4.0
79.17,43.44,48.34,66.76,99.24,2.69,51.14,75.01,11.0,9.0,4.0
99.25,48.34,68.13,67.18,71.72,6.3,77.52,77.16,27.6,6.3,4.0
54.81,8.51,52.01,,94.89,,30.78,128.46,21.2,6.6,4.0
64.29,63.09,49.53,64.56,60.25,6.33,62.49,54.52,6.3,6.0,1.0
93.47,86.96,96.85,85.51,55.9,5.43,99.28,70.25,21.8,5.8,2.0
53.61,,39.56,82.57,109.57,,,,39.1,6.4,1.0
93.79,98.57,98.33,72.04,68.57,0.3,70.71,76.69,11.8,5.7,1.0
76.21,58.9,50.77,69.89,65.88,1.23,73.16,87.9,14.6,6.3,0.0
70.41,65.74,52.81,68.25,83.56,0.95,55.81,78.97,9.9,8.7,2.0
65.48,56.48,41.01,64.17,66.67,0.98,69.65,61.09,20.8,5.4,4.0
64.86,74.76,83.48,54.28,78.63,2.6,66.82,60.39,21.6,7.3,2.0
65.29,43.52,78.65,63.41,64.97,5.32,73.26,51.85,6.7,6.4,4.0
94.24,48.98,50.68,66.06,89.19,1.15,92.83,71.32,21.9,7.7,0.0
86.19,84.75,87.47,77.38,65.62,9.35,59.64,71.64,21.5,6.4,3.0
83.49,51.19,57.95,88.69,76.75,8.54,80.39,61.82,5.9,4.8,1.0
129.63,101.15,105.01,35.77,30.68,9.72,31.09,88.21,8.3,11.3,0.0
62.86,87.58,65.35,97.24,89.59,0.43,65.84,69.32,20.3,7.4,1.0
80.9,45.6,45.46,91.37,81.02,8.51,73.63,83.47,15.8,6.6,4.0
73.0,66.25,55.79,99.24,59.61,8.04,53.71,82.0,27.5,8.2,4.0
89.12,41.38,62.28,93.81,60.77,9.02,77.2,80.24,13.2,8.9,0.0
65.46,60.81,91.11,80.84,63.12,5.28,65.52,95.4,6.7,6.0,3.0
82.16,81.94,87.55,79.92,78.83,7.88,99.64,50.79,21.8,5.8,3.0
94.11,45.41,66.57,56.48,77.42,0.51,81.55,53.4,20.1,7.8,1.0
70.11,93.3,83.47,86.12,63.69,0.76,62.21,86.11,29.7,6.3,4.0
,128.62,74.12,72.75,,,,,,8.3,4.0
75.8,46.3,60.45,75.35,94.45,9.15,52.04,99.33,,,3.0
67.3,99.44,83.55,84.66,52.18,0.61,54.54,60.82,16.5,8.0,4.0
,114.47,130.89,39.23,,9.13,55.63,,26.5,,4.0
122.73,,58.73,56.08,39.42,13.9,35.99,,25.4,11.5,0.0
,40.3,77.08,112.07,127.07,,96.21,,,1.3,3.0
73.31,64.51,80.98,85.87,50.98,8.7,70.11,67.02,8.9,5.2,3.0
82.73,77.79,63.07,93.83,60.53,7.89,67.71,96.05,15.2,5.1,2.0
93.79,,,,99.15,,46.03,25.16,8.9,11.7,3.0
62.68,90.2,49.74,89.3,78.45,0.22,59.13,76.56,28.7,4.8,3.0
95.95,83.0,93.03,50.69,82.27,5.34,97.67,66.74,9.4,7.0,2.0
83.5,61.01,60.54,95.59,57.99,9.97,86.43,67.3,15.5,7.2,4.0
50.67,84.06,47.5,63.74,66.65,8.79,97.75,62.39,7.1,7.1,4.0
60.23,96.43,76.0,94.4,66.49,3.1,63.87,56.74,28.0,7.5,1.0
84.14,45.59,62.56,59.85,90.99,3.86,79.39,51.72,20.6,6.4,4.0
129.14,58.37,88.93,74.77,99.82,-4.21,63.88,119.58,,,3.0
91.99,67.8,65.85,87.47,77.42,7.34,85.55,83.02,6.1,7.5,1.0
64.61,69.88,80.11,82.01,89.15,3.41,51.07,88.86,9.4,5.4,1.0
96.55,72.53,58.5,70.8,91.48,1.48,99.91,53.25,14.5,4.4,4.0
77.65,58.04,52.57,83.93,83.33,7.47,96.4,50.74,20.5,4.8,1.0
33.5,42.33,6.05,,106.75,-3.7,,118.32,13.2,10.6,2.0
,,76.41,63.79,,-5.04,59.09,127.82,15.4,,1.0
56.14,74.67,79.42,82.32,87.11,7.9,65.73,69.74,9.1,8.3,0.0
98.16,46.83,74.69,60.21,85.22,5.85,93.94,69.39,20.0,6.7,2.0
56.14,68.62,99.28,84.7,53.37,4.89,84.88,69.22,14.9,6.4,3.0
62.74,61.37,81.47,50.16,52.16,6.73,61.18,57.64,17.7,5.0,4.0
90.68,69.46,95.89,77.44,84.77,5.05,51.69,87.7,19.2,8.8,4.0
80.93,95.31,47.08,70.05,97.24,6.48,64.59,60.76,6.5,8.5,0.0
91.91,68.83,43.68,65.16,88.69,8.67,51.91,66.22,28.1,8.1,4.0
75.79,40.84,58.66,75.79,91.57,6.14,57.07,83.56,24.7,5.6,3.0
68.85,66.33,48.2,82.27,77.25,6.6,81.81,50.01,16.1,6.8,1.0
96.09,89.24,71.55,98.27,65.23,6.14,87.25,88.31,18.7,5.9,4.0
51.81,86.8,71.14,91.65,83.89,5.31,73.4,94.95,5.8,6.0,3.0
92.81,70.8,74.5,85.86,85.6,1.72,80.01,52.58,17.4,4.4,2.0
,96.19,,70.54,83.77,,88.94,35.24,33.9,,3.0
92.44,67.91,98.28,69.61,97.34,6.93,65.84,70.42,14.4,8.8,0.0
56.96,73.82,92.7,51.63,68.36,4.25,85.64,53.92,25.4,7.1,3.0
79.01,99.99,47.1,67.95,51.98,4.06,68.24,84.11,9.5,4.0,4.0
94.41,78.65,60.31,92.42,95.42,7.59,,80.62,,8.0,1.0
73.68,81.66,55.35,69.2,58.02,0.06,59.7,82.13,18.0,4.4,3.0
69.33,,,73.08,59.76,6.79,,54.74,,4.9,0.0
,0.89,66.95,63.59,53.95,4.99,90.48,,5.6,11.8,2.0
86.82,88.78,73.2,63.71,65.51,3.77,73.47,83.85,18.6,4.3,0.0
96.27,69.7,53.63,53.09,91.52,3.41,55.78,87.17,12.5,6.7,2.0
72.34,99.68,82.71,80.69,66.6,1.73,,58.44,23.9,,3.0
58.66,67.43,83.97,72.4,89.71,3.34,53.57,97.85,16.7,4.3,1.0
52.39,44.08,41.26,80.3,53.49,3.91,73.59,67.0,25.9,4.3,0.0
62.32,80.95,63.75,77.34,82.76,,63.05,85.69,14.9,,1.0
57.16,42.8,93.41,89.94,83.86,6.72,96.82,87.7,25.7,8.0,3.0
77.9,55.03,71.22,87.55,74.57,4.54,86.88,75.2,22.9,5.8,1.0
,89.33,84.72,40.8,84.35,4.52,61.91,31.74,25.7,,1.0
,119.36,83.58,40.61,96.16,14.32,120.86,21.27,4.4,,0.0
51.8,69.65,54.6,67.69,86.69,1.9,76.64,61.71,17.2,8.7,3.0
,15.38,98.46,,69.89,8.29,57.38,75.93,14.2,6.5,1.0
79.57,77.01,89.03,52.71,72.43,0.79,85.45,63.06,24.1,4.1,2.0
67.9,64.69,45.2,57.63,76.41,9.46,74.63,77.34,14.0,6.7,4.0
94.71,95.31,57.54,70.98,63.19,8.87,81.72,64.41,7.2,4.9,2.0
53.51,69.97,42.74,80.7,99.28,0.85,52.26,50.05,26.5,5.0,1.0
99.02,82.54,86.88,50.41,52.76,5.74,57.1,68.16,14.9,7.0,3.0
80.81,53.13,42.36,85.97,67.93,9.6,79.47,80.34,8.3,5.1,2.0
59.17,85.66,58.5,77.94,64.88,7.47,72.97,88.68,21.2,5.1,3.0
83.95,83.26,74.4,74.24,69.33,4.92,61.34,51.42,27.2,6.7,2.0
64.1,,27.66,19.58,,2.41,,84.66,,9.0,3.0
71.47,42.03,56.94,75.97,68.4,2.79,81.58,99.27,18.9,4.6,1.0
93.08,66.85,56.51,58.09,95.85,7.36,52.95,63.09,7.2,6.0,0.0
57.54,80.75,87.87,55.44,71.17,7.81,71.71,88.86,22.4,4.3,2.0
63.94,45.71,98.44,64.48,92.74,5.29,76.16,75.47,20.2,8.5,3.0
54.67,64.64,60.88,85.48,76.09,1.21,65.41,56.11,10.3,6.3,2.0
,130.86,,68.69,106.25,9.34,,40.12,12.3,,3.0
61.94,66.16,42.19,74.01,72.47,8.45,52.84,98.32,7.2,5.1,3.0
95.88,99.12,85.55,78.58,71.22,1.41,93.29,94.34,14.3,8.8,0.0
53.91,43.41,73.14,77.96,63.0,0.57,86.16,84.51,7.4,6.5,3.0
71.37,83.07,87.02,65.35,64.48,5.36,72.31,75.61,27.8,5.8,2.0
76.62,74.86,81.85,54.87,59.32,2.84,96.22,65.97,5.9,5.6,1.0
94.93,70.03,94.45,94.84,66.8,2.83,85.11,67.85,15.6,6.1,4.0
99.88,98.25,93.15,80.0,81.22,0.87,96.55,67.31,26.5,5.1,3.0
87.67,47.78,87.3,84.89,69.33,9.53,73.63,96.1,11.3,7.7,4.0
98.54,93.76,68.51,73.2,85.62,8.3,72.65,60.57,7.6,6.5,1.0
89.36,81.47,58.49,87.82,99.35,1.14,76.54,68.9,8.2,7.8,4.0
98.16,55.54,70.42,79.22,68.86,8.77,53.27,71.6,15.1,5.3,3.0
85.36,94.1,70.12,52.69,73.13,6.83,95.42,70.45,15.7,4.0,2.0
105.61,,,,99.57,8.34,,36.76,2.6,4.2,0.0
70.1,88.85,51.17,65.28,69.61,8.71,80.88,63.55,10.9,6.6,3.0
,,,,86.34,,,64.14,22.5,2.2,3.0
67.54,91.06,67.4,54.4,60.87,8.49,99.68,88.02,30.0,4.5,0.0
63.67,78.2,77.21,86.02,59.1,4.69,58.17,78.47,26.6,6.2,0.0
78.87,48.46,54.38,85.2,68.82,5.01,87.45,69.24,20.9,7.5,0.0
96.68,78.98,66.06,85.01,90.93,2.91,79.0,83.26,28.5,6.0,0.0
51.75,51.48,52.61,95.79,81.18,3.88,73.05,83.29,29.8,8.1,0.0
88.46,64.72,92.52,67.45,97.88,5.68,98.88,62.4,19.3,5.6,3.0
86.14,50.22,69.28,78.06,95.23,9.47,92.51,55.19,11.8,4.2,4.0
,6.59,,64.11,75.84,14.8,84.84,90.16,27.9,4.0,2.0
96.54,52.71,42.47,98.97,52.13,1.47,69.13,76.49,26.1,8.3,3.0
88.11,72.18,80.54,65.62,69.95,0.07,83.3,58.83,7.1,8.9,1.0
76.02,68.89,52.88,97.82,76.1,8.51,76.58,63.1,28.4,4.7,3.0
60.21,70.09,99.37,57.44,75.78,3.64,62.47,88.32,14.2,4.3,3.0
77.26,54.86,72.02,88.2,56.71,3.15,72.52,82.66,13.1,8.6,4.0
88.27,81.11,57.34,81.64,56.24,8.01,60.61,97.26,13.6,4.5,0.0
94.78,82.26,79.46,90.84,52.34,9.45,75.02,73.25,13.0,5.1,1.0
89.49,61.48,56.51,51.43,92.54,7.48,86.01,52.61,17.9,8.0,4.0
59.76,92.87,89.22,53.91,97.39,1.74,51.83,85.02,19.5,9.0,2.0
79.98,78.64,58.49,53.48,55.78,,88.27,62.75,15.6,,1.0
66.61,82.78,99.29,79.65,60.66,7.59,51.0,66.19,15.3,5.1,1.0
50.46,56.64,76.31,80.15,54.49,9.07,75.86,59.83,23.4,8.2,4.0
60.01,40.04,90.66,95.31,93.88,9.99,78.67,65.45,5.1,6.0,1.0
75.78,135.13,44.37,73.38,46.03,17.09,60.34,71.75,,,3.0
,147.93,96.38,53.4,36.53,-2.72,,,39.0,,3.0
62.93,47.39,84.25,60.48,65.18,0.47,70.87,55.46,22.7,8.3,0.0
64.23,62.45,79.3,50.4,68.13,2.86,53.32,79.33,15.5,5.2,4.0
98.0,79.68,51.65,88.84,75.12,3.72,84.68,81.68,29.1,6.1,3.0
68.95,79.13,61.37,90.78,84.12,9.76,75.55,94.24,5.0,6.2,1.0
50.48,91.62,55.81,99.9,75.22,0.03,66.65,92.98,6.9,8.2,1.0
64.19,48.42,76.8,70.61,97.55,3.08,61.74,53.14,25.1,7.4,3.0
55.96,65.8,60.67,50.96,54.99,9.3,55.99,93.33,23.5,7.9,4.0
55.14,19.08,58.54,,89.93,10.53,,,11.8,,4.0
53.87,63.38,52.44,79.39,66.72,2.25,72.92,57.71,19.9,7.0,2.0
79.66,40.91,64.54,98.1,68.88,7.3,73.88,55.58,18.3,4.7,4.0
59.47,93.9,51.73,55.18,85.44,7.45,79.14,59.08,18.2,8.2,3.0
,,56.57,,49.21,9.8,83.34,34.88,7.8,,2.0
93.1,90.99,49.27,85.09,85.81,9.47,95.99,84.31,29.8,7.5,1.0
71.22,43.59,94.8,83.36,88.79,2.03,74.79,84.35,29.7,7.9,3.0
95.78,53.65,65.71,62.53,87.54,9.13,71.19,96.11,29.5,5.6,0.0
74.9,55.56,62.67,90.66,66.05,7.56,52.41,69.59,18.7,6.2,0.0
69.94,63.2,53.88,56.44,87.85,3.68,79.95,50.16,13.0,6.7,4.0
87.52,88.17,78.15,96.29,89.23,8.07,80.14,81.99,19.0,5.7,2.0
53.66,63.19,81.13,60.05,76.67,1.33,79.16,93.4,20.6,5.3,2.0
54.47,52.28,68.05,54.07,76.84,1.31,94.38,98.81,12.8,7.9,1.0
82.6,43.9,43.34,66.98,87.99,9.3,88.15,68.19,20.8,7.8,4.0
74.35,44.77,95.11,59.39,90.85,0.95,93.37,91.11,20.5,8.2,2.0
89.52,85.6,98.82,76.35,66.86,0.04,52.97,92.46,27.6,7.5,3.0
95.81,66.69,65.86,84.34,90.08,3.89,65.91,57.22,10.9,5.6,1.0
69.42,83.57,76.82,74.55,90.71,1.04,65.94,81.57,22.4,5.6,2.0
,134.42,76.57,,,-2.36,,23.07,-1.9,6.6,0.0
75.03,48.12,59.31,68.25,85.85,9.23,72.43,72.33,8.2,8.2,0.0
99.08,48.57,44.64,51.4,59.33,4.82,88.87,93.96,12.9,5.7,2.0
91.55,85.32,67.36,98.7,54.65,4.25,69.22,89.47,6.4,7.8,0.0
95.59,83.28,89.1,90.97,78.73,5.39,61.08,78.52,13.0,5.5,3.0
62.72,62.68,41.02,53.67,,2.26,64.55,90.44,,5.7,1.0
,113.69,26.74,28.35,51.77,-1.78,,57.64,2.7,7.8,3.0
,,,,,-4.34,111.76,78.12,-0.3,,0.0
,103.42,,,,8.15,,60.44,,10.4,2.0
97.21,40.55,51.0,78.9,93.04,6.12,50.8,88.8,27.7,8.1,2.0
50.97,53.8,86.34,76.68,92.17,9.3,85.8,94.55,16.7,7.9,1.0
98.27,65.17,55.31,60.41,93.76,7.39,69.98,78.14,6.3,8.0,0.0
57.46,47.28,51.52,57.06,88.44,7.23,51.13,97.9,19.9,6.4,0.0
33.92,94.36,,,92.15,,68.5,,28.2,9.4,0.0
63.8,93.79,63.55,66.13,58.8,8.88,95.27,78.18,9.4,8.2,4.0
67.54,75.13,92.45,62.2,65.19,9.47,75.56,80.58,19.2,6.9,2.0
60.84,96.07,77.11,86.89,62.12,9.32,99.34,92.48,13.9,8.7,0.0
79.28,60.75,64.36,86.8,87.12,0.39,77.0,54.51,23.3,5.3,1.0
67.4,80.63,72.06,63.82,57.68,6.04,98.14,58.4,19.8,8.9,4.0
,52.28,97.24,93.63,59.11,6.43,60.09,,25.7,5.9,0.0
50.78,77.1,46.79,84.41,93.95,2.95,64.5,94.74,6.5,5.9,2.0
15.01,,0.37,20.7,70.02,-1.35,47.06,129.44,,10.1,4.0
54.98,40.12,97.75,71.37,93.77,2.91,99.34,67.81,19.2,8.8,3.0
70.95,95.89,97.44,86.34,56.97,2.17,91.26,96.19,27.0,4.2,1.0
90.74,73.29,50.63,60.58,69.95,4.84,77.69,77.34,25.3,6.4,2.0
94.41,95.62,48.71,73.44,,3.23,54.26,,22.0,5.8,3.0
62.24,60.03,65.27,82.68,50.48,9.24,68.22,91.64,19.4,4.8,2.0
78.72,114.32,12.26,112.36,,,86.84,128.26,17.0,10.7,1.0
88.42,64.04,79.29,80.42,68.98,4.1,65.56,72.72,10.3,8.5,0.0
64.44,82.36,44.65,77.31,54.61,6.26,62.94,50.8,19.9,5.2,3.0
70.45,73.95,43.48,59.96,78.32,0.81,69.43,50.64,17.3,6.5,3.0
76.2,95.52,69.11,70.51,69.16,7.57,91.86,81.38,14.6,6.9,4.0
56.74,41.53,97.47,76.6,52.32,7.68,57.52,53.67,27.2,6.0,0.0
51.3,82.49,65.61,89.0,85.2,4.74,65.3,86.85,25.7,8.6,1.0
57.64,59.82,61.39,82.7,86.46,9.56,63.06,81.12,6.9,6.3,4.0
81.34,50.81,99.88,71.33,91.72,5.79,64.81,72.89,29.6,8.9,3.0
53.68,70.62,71.92,98.72,74.28,6.95,68.03,85.49,10.7,5.5,2.0
59.48,70.3,62.51,55.39,98.43,9.24,62.22,99.65,10.4,4.4,1.0
66.89,48.22,63.15,60.34,95.7,6.66,97.13,62.32,28.6,6.9,4.0
53.89,52.11,51.7,67.07,77.57,4.32,71.01,77.85,16.1,8.1,0.0
59.58,64.49,70.73,61.43,72.25,0.25,55.71,92.14,25.1,5.9,2.0
95.56,64.53,66.33,81.27,50.15,7.28,73.38,50.84,12.2,4.9,4.0
50.96,59.05,56.25,51.98,85.55,9.65,59.22,60.18,26.8,7.7,1.0
82.67,86.73,,,50.98,7.66,88.1,121.41,11.0,1.0,2.0
69.22,40.26,58.67,64.67,96.88,3.4,64.25,77.61,18.0,7.8,4.0
83.63,98.21,70.52,84.17,79.71,5.19,56.24,54.32,22.6,5.3,4.0
79.43,96.61,43.5,93.79,99.64,7.28,86.06,70.37,29.1,6.8,1.0
61.17,69.02,49.22,89.92,92.69,0.01,,75.99,16.3,,0.0
,99.7,,30.73,51.28,8.87,69.71,,,1.1,2.0
113.38,135.43,111.75,78.27,,12.45,,,42.4,,4.0
91.13,44.13,43.81,51.5,57.47,5.41,69.45,88.57,14.7,5.3,1.0
70.3,47.06,81.59,65.53,89.84,1.22,58.2,73.01,29.0,7.3,4.0
99.23,94.97,43.71,90.3,89.31,6.72,69.86,71.28,6.0,5.2,1.0
88.52,77.8,84.33,72.83,60.57,1.38,77.85,85.27,15.1,4.6,1.0
98.3,90.59,85.0,57.5,88.24,5.08,52.05,77.77,22.8,7.3,4.0
75.72,93.9,79.06,71.93,79.1,0.94,82.72,93.52,15.7,7.0,1.0
,121.33,83.93,,,13.28,,,25.1,,2.0
87.77,42.91,45.28,69.66,75.09,3.18,93.0,78.72,15.3,4.2,1.0
94.01,51.3,83.61,74.39,96.56,8.31,55.14,56.44,27.0,6.4,0.0
98.21,43.99,48.2,67.48,75.32,8.0,50.0,91.8,18.7,4.7,0.0
66.23,51.32,60.37,96.85,89.43,9.98,53.66,71.11,13.4,5.8,1.0
89.94,64.63,96.56,78.13,51.45,2.58,96.21,85.95,21.8,6.9,2.0
60.53,47.09,70.17,92.14,86.4,0.62,88.28,71.47,20.3,8.7,3.0
77.28,50.0,98.05,88.04,97.34,4.43,91.77,50.05,19.0,6.6,3.0
58.99,66.75,45.34,83.06,74.98,0.83,75.85,70.02,14.8,5.0,2.0
67.37,60.41,68.65,74.84,66.89,1.78,76.34,57.38,6.8,8.7,0.0
96.57,68.06,43.74,50.11,82.33,5.97,64.93,69.93,20.5,4.1,1.0
57.3,65.75,77.81,80.67,95.81,5.92,92.14,66.07,15.5,7.2,4.0
81.62,78.67,44.72,67.8,58.84,0.43,91.49,60.13,15.7,5.3,1.0
127.65,,,,35.89,-5.98,32.51,,,,1.0
56.04,46.47,55.53,72.23,57.81,5.3,66.46,86.43,11.2,5.7,3.0
66.3,45.96,84.92,86.78,74.83,2.68,86.92,87.74,24.7,6.1,1.0
78.15,91.17,49.84,98.08,77.02,8.72,51.31,63.25,17.0,7.9,3.0
59.36,70.38,90.8,68.71,97.21,1.61,93.0,74.76,7.7,8.5,4.0
90.03,85.98,47.91,77.14,70.63,2.54,72.31,73.2,6.1,4.9,1.0
98.61,52.93,42.11,92.56,78.35,1.57,72.07,67.76,10.6,5.5,2.0
60.74,89.73,63.7,66.7,94.26,1.17,83.45,63.88,17.2,4.0,1.0
59.35,46.52,98.77,25.28,76.12,-2.88,,,5.1,10.2,2.0
72.75,78.13,46.62,64.09,83.71,2.78,63.3,93.64,8.6,8.7,3.0
87.39,46.35,46.1,94.96,87.86,7.23,97.16,91.67,15.8,5.4,1.0
64.08,141.59,,,,4.28,140.55,81.56,30.6,,3.0
50.99,87.55,58.73,66.46,58.22,6.36,76.3,86.06,5.9,6.1,2.0
57.94,,,,56.68,-1.08,,,8.1,,3.0
97.83,42.2,52.0,92.36,67.84,8.45,77.72,54.27,21.5,6.0,0.0
69.56,87.94,67.6,96.89,63.32,0.69,74.29,91.12,24.5,6.4,2.0
71.01,48.28,55.92,71.29,98.67,8.45,97.26,60.96,9.5,4.8,3.0
98.45,53.34,67.09,96.6,75.11,4.52,62.24,85.34,13.1,4.3,1.0
84.73,74.63,86.15,58.07,92.82,3.5,55.4,76.37,16.1,7.6,3.0
85.96,55.9,85.72,57.84,59.77,6.72,96.48,84.53,21.5,8.2,4.0
78.14,79.68,70.95,97.46,96.97,9.5,60.65,73.56,18.4,8.1,2.0
98.73,76.48,95.7,75.48,89.72,0.94,87.46,85.13,18.8,7.1,3.0
84.44,,,59.3,,,34.0,34.3,8.9,12.6,0.0
94.75,79.36,,74.4,69.49,2.04,98.01,,16.9,4.0,4.0
84.97,95.44,76.83,89.16,74.28,3.8,89.56,94.82,25.6,5.6,2.0
,,61.52,,108.39,16.04,,112.57,39.0,1.4,4.0
,75.82,,124.95,,5.46,49.34,,-3.1,10.0,1.0
65.17,60.51,76.47,78.48,92.45,0.67,54.22,72.83,15.3,8.0,0.0
89.15,67.58,62.47,93.35,53.9,5.08,71.67,72.98,23.9,5.8,1.0
114.51,21.13,,125.72,,10.88,110.27,121.72,,,3.0
78.14,61.25,88.49,80.35,96.87,5.29,90.12,62.18,19.5,7.1,4.0
62.47,41.73,73.13,87.94,79.64,1.67,62.07,86.68,29.1,8.2,1.0
90.85,98.89,40.1,71.27,59.34,4.45,95.73,91.47,14.5,7.1,3.0
,77.49,78.18,53.68,,9.24,61.05,95.36,6.1,,0.0
,70.04,84.93,67.51,77.43,6.58,93.31,75.85,,7.5,1.0
,13.7,78.41,,,,,30.47,-5.1,,4.0
,23.0,22.65,,,7.86,61.85,,,,1.0
55.87,,,,110.67,,39.72,,,5.7,0.0
104.98,90.78,14.62,64.65,80.35,5.82,40.41,70.62,9.3,4.0,3.0
66.17,,53.39,51.61,,3.76,67.35,82.79,26.4,5.8,1.0
12.43,56.56,84.59,68.88,57.77,1.39,71.34,,,1.7,1.0
,50.8,73.53,62.94,,2.03,73.95,54.45,13.5,4.5,2.0
99.3,73.4,96.99,56.21,60.3,7.81,86.95,83.98,27.4,5.0,3.0
51.58,90.57,76.52,84.96,94.85,1.61,67.6,54.44,21.6,8.9,2.0
49.01,,88.25,58.94,,,37.52,53.97,,9.4,2.0
68.56,41.96,78.31,50.99,84.33,2.85,95.3,81.42,6.7,6.6,0.0
82.3,54.81,77.49,61.68,65.0,0.49,87.63,50.8,23.3,6.7,0.0
67.81,98.78,75.82,97.26,78.39,4.62,51.14,79.96,14.4,6.8,4.0
83.69,89.73,49.57,69.26,80.81,7.66,90.6,57.31,12.6,4.2,3.0
86.46,75.75,78.07,96.93,70.87,0.22,99.5,57.12,12.2,7.9,3.0
84.53,95.75,65.81,63.71,98.75,1.13,96.99,57.52,5.2,7.7,0.0
55.7,66.72,41.12,60.9,56.59,7.2,91.8,74.19,23.6,8.9,0.0
82.84,99.0,72.39,60.71,69.57,5.94,81.46,55.78,8.6,4.9,2.0
64.0,57.78,99.36,54.26,71.52,7.15,63.91,56.28,18.0,6.8,0.0
51.44,54.42,60.98,94.82,81.55,2.3,82.72,62.81,5.4,8.0,1.0
70.74,78.28,97.93,98.99,70.36,8.04,84.78,50.04,20.7,4.6,3.0
71.68,62.69,45.77,97.73,54.85,4.8,64.08,63.79,14.2,7.9,4.0
73.36,77.58,83.95,92.6,97.37,6.1,62.77,80.92,20.8,5.3,2.0
85.24,58.3,46.86,92.34,70.8,0.92,69.85,80.08,7.2,5.4,1.0
65.44,77.08,56.41,83.05,67.13,2.05,82.06,98.48,11.7,8.7,0.0
65.76,56.54,74.25,91.31,72.34,7.73,64.65,55.98,7.8,5.6,4.0
53.03,43.06,75.57,60.42,60.83,2.24,77.78,93.28,21.2,6.9,0.0
84.34,94.73,86.51,69.4,55.01,0.93,94.96,69.56,7.7,6.2,1.0
78.39,92.99,76.92,82.04,57.43,5.97,64.76,69.35,20.4,4.4,4.0
67.47,98.25,75.62,93.74,58.33,5.48,98.3,67.44,8.4,8.8,0.0
85.26,82.99,94.74,83.02,59.88,6.08,73.67,56.24,28.6,5.1,1.0
54.83,80.96,98.23,123.53,71.0,,22.34,91.82,30.1,,1.0
103.44,64.37,53.52,,81.19,,,126.38,,5.9,4.0
75.57,47.56,49.71,85.87,81.44,4.94,66.93,93.77,6.0,6.5,1.0
81.82,51.35,64.0,99.0,50.0,9.24,62.94,98.14,13.2,4.7,0.0
83.0,57.37,82.77,57.67,96.05,5.34,92.19,89.26,27.3,7.1,4.0
64.45,93.41,42.55,96.35,91.14,6.17,86.88,81.15,8.6,6.6,2.0
112.33,50.38,15.57,111.68,48.27,-7.02,61.37,117.67,12.6,0.8,1.0
57.83,95.37,46.37,82.16,68.0,8.71,79.46,93.74,15.4,7.5,0.0
81.97,71.37,75.12,93.89,83.24,0.24,71.77,86.98,25.1,6.6,4.0
93.64,82.93,54.57,70.48,58.4,5.57,63.53,58.06,26.9,8.2,2.0
36.38,118.06,,,90.85,-4.68,,,3.5,10.8,2.0
58.48,56.14,75.57,76.36,58.07,6.04,80.9,71.55,6.7,8.9,3.0
87.83,97.51,85.68,50.96,66.3,3.6,69.65,79.79,24.9,4.3,3.0
91.62,55.97,59.93,74.83,74.54,7.18,96.83,94.92,6.7,6.0,4.0
94.03,57.79,74.69,,,0.2,82.0,82.63,12.9,6.5,1.0
80.34,51.86,45.89,96.4,77.98,4.06,91.87,96.94,21.2,5.2,0.0
93.04,47.74,96.11,54.39,55.1,8.31,81.02,93.32,16.2,8.6,1.0
,54.0,60.21,,,2.5,,,,4.4,0.0
55.36,78.54,99.85,97.37,96.15,0.53,86.83,50.58,29.2,6.1,0.0
,,,,108.97,,9.91,,15.0,4.9,3.0
33.93,54.86,54.19,,,9.77,65.69,51.32,28.4,4.9,3.0
53.48,47.34,41.2,79.47,78.62,0.64,70.12,61.51,20.0,7.5,1.0
74.82,88.13,72.61,64.04,55.58,0.7,,84.57,,8.4,4.0
73.64,87.05,45.21,68.35,60.01,5.95,70.66,73.8,16.3,6.0,0.0
65.54,41.3,93.71,54.51,62.63,2.5,65.51,87.3,20.2,7.9,3.0
93.52,63.01,87.38,89.31,74.41,4.1,55.61,58.25,22.9,6.7,4.0
58.52,44.13,98.34,66.19,86.57,8.31,91.19,61.95,27.5,8.1,3.0
67.62,87.53,76.5,83.39,73.04,1.99,74.93,62.13,12.1,4.4,0.0
,54.69,71.33,,92.98,,106.05,128.07,,8.6,2.0
51.52,94.12,71.14,73.22,71.97,5.04,75.25,64.48,21.5,4.8,3.0
83.65,54.18,63.19,77.75,58.13,9.05,87.73,90.59,6.9,8.0,4.0
90.82,67.38,68.12,90.09,87.56,9.73,50.91,67.34,14.5,4.8,1.0
63.15,,43.63,,,6.03,48.41,125.68,,6.8,1.0
93.81,62.27,95.98,69.94,74.13,5.85,73.96,97.43,13.8,8.6,0.0
65.97,71.33,75.75,56.5,84.67,7.46,94.65,80.35,7.9,6.4,2.0
79.32,43.2,91.43,53.79,,3.19,77.8,62.11,18.8,,3.0
53.86,82.89,91.77,80.23,53.8,2.27,56.87,91.52,8.3,6.3,3.0
62.89,72.6,71.13,59.45,78.16,9.65,69.43,50.63,27.9,7.0,2.0
54.71,89.74,60.85,52.99,52.71,4.33,81.05,62.83,26.6,7.7,0.0
65.76,56.31,78.37,94.85,79.39,0.02,52.3,69.37,16.9,5.4,0.0
,134.95,113.84,,60.78,4.7,94.23,59.8,21.3,3.3,4.0
67.36,99.92,44.89,56.73,66.47,6.0,53.39,80.2,18.8,7.3,4.0
78.09,95.16,62.67,52.67,74.42,1.69,51.53,77.9,19.8,6.6,4.0
71.67,86.67,99.64,55.99,96.44,0.3,50.1,70.32,27.2,8.1,0.0
72.95,88.74,42.91,73.57,73.56,2.91,84.19,64.72,6.7,4.2,3.0
,74.42,81.8,49.3,99.83,,31.81,81.48,22.3,11.8,1.0
64.81,51.41,90.47,82.06,57.85,9.33,55.14,64.56,19.1,4.9,0.0
81.37,80.62,78.92,57.22,85.45,3.11,92.81,61.06,9.4,7.1,2.0
88.58,,,,,,93.46,17.54,8.0,,1.0
53.06,99.12,82.45,70.24,93.62,4.42,66.32,80.12,22.3,5.3,0.0
74.47,72.48,65.76,73.24,54.62,6.54,58.89,82.42,13.5,6.4,0.0
90.67,56.28,45.48,90.07,64.01,3.34,96.34,64.87,30.0,6.1,4.0
,62.81,61.57,16.76,79.99,14.19,87.9,,27.4,10.8,3.0
53.48,98.76,65.94,57.35,96.65,2.94,86.2,63.1,19.1,7.0,3.0
109.73,,30.51,,,0.61,,85.61,3.7,2.3,1.0
88.22,59.56,71.88,60.61,95.5,1.39,76.14,54.07,9.0,8.9,0.0
114.98,72.51,,31.79,86.01,-7.24,,83.24,1.4,3.9,4.0
78.25,50.21,97.16,85.33,56.32,9.76,69.13,73.0,16.5,6.9,2.0
73.41,41.33,87.55,84.18,64.83,9.66,66.09,78.46,18.0,7.9,0.0
94.42,60.22,48.95,90.02,79.86,8.28,92.6,59.2,26.8,4.1,4.0
,91.92,63.83,33.75,112.08,,27.47,,,8.5,2.0
90.6,42.61,84.21,67.61,69.27,4.42,81.27,88.31,17.4,7.8,2.0
90.66,65.74,68.34,56.29,95.74,4.4,69.71,88.35,20.7,4.5,1.0
82.14,85.73,76.68,77.05,62.21,3.87,83.3,61.88,9.0,4.2,3.0
72.9,97.19,46.4,64.63,84.68,0.45,59.9,67.63,6.7,7.1,3.0
93.23,99.13,73.62,84.45,86.79,5.35,61.93,50.19,18.4,4.2,1.0
96.3,65.32,44.42,50.02,63.7,0.73,79.34,54.5,18.7,4.9,0.0
,134.85,138.63,,41.9,1.26,50.23,77.06,-5.7,4.4,4.0
52.58,42.13,73.16,71.63,68.26,6.91,98.73,64.68,27.1,6.7,3.0
97.94,84.76,92.47,97.91,52.26,3.53,62.45,87.95,12.5,7.4,1.0
63.86,78.56,83.5,94.54,95.04,6.47,55.12,75.51,17.9,4.9,3.0
134.05,82.72,,,,11.92,79.52,48.48,31.0,,3.0
88.53,70.44,93.31,40.58,86.77,11.49,95.76,87.75,,,3.0
55.96,47.77,74.39,52.33,86.33,3.14,88.08,79.36,15.7,5.3,0.0
54.02,92.3,76.38,65.3,62.04,7.97,76.4,74.99,18.2,4.9,1.0
57.83,61.47,50.14,83.79,53.7,2.11,75.53,96.57,24.1,4.8,3.0
62.49,77.56,91.47,56.76,90.11,5.63,82.32,78.46,16.2,5.1,3.0
74.43,90.58,,25.11,,8.99,35.69,97.59,-7.7,8.0,1.0
,52.37,,,,-5.69,,,4.0,4.3,2.0
99.32,99.52,96.45,73.75,88.98,2.35,74.43,53.57,14.5,7.5,0.0
72.08,85.19,58.14,60.45,70.47,6.45,91.01,82.8,10.8,4.4,0.0
75.91,97.72,91.67,54.56,57.23,5.27,56.94,55.65,27.8,7.1,4.0
76.09,57.75,69.33,70.56,89.75,7.21,65.04,90.99,18.4,7.7,4.0
76.97,49.87,49.84,67.56,72.69,2.2,97.51,89.63,10.0,4.6,2.0
75.89,70.18,80.13,76.88,91.35,0.09,77.65,75.18,21.8,5.5,4.0
50.44,69.68,81.05,87.45,71.88,6.81,96.47,83.05,25.1,6.1,3.0
50.09,50.5,57.22,55.63,60.85,1.15,84.45,88.63,24.0,5.6,3.0
54.88,83.99,41.65,89.56,58.55,2.46,96.32,74.17,20.0,6.6,4.0
55.08,61.71,51.99,51.31,87.2,3.06,65.89,95.3,18.0,4.7,0.0
85.24,51.18,63.99,72.16,78.74,7.47,54.53,71.85,24.4,6.2,2.0
60.25,59.92,50.05,79.37,70.23,6.26,90.11,94.6,22.7,7.7,3.0
94.74,73.82,51.64,97.85,74.61,1.84,90.22,79.14,19.3,6.3,2.0
96.43,83.59,63.48,78.7,77.48,5.98,80.94,71.31,21.4,5.1,4.0
119.37,96.29,,57.94,108.15,,,27.34,,10.4,1.0
96.95,71.54,85.85,75.88,68.91,3.89,95.75,64.78,5.5,6.0,2.0
63.59,48.34,59.18,69.79,64.62,2.46,58.82,93.4,28.3,6.1,2.0
94.44,147.86,97.1,39.7,69.42,1.74,,,40.2,7.8,4.0
58.77,95.72,78.74,59.85,75.03,6.11,52.49,71.07,24.7,5.4,4.0
47.77,,25.59,,58.67,,,17.69,,,3.0
94.42,41.06,68.1,57.5,69.68,6.67,71.86,64.32,8.8,4.9,1.0
92.56,72.22,64.64,87.2,69.27,4.89,91.06,74.58,13.9,7.8,1.0
71.67,77.75,53.98,,64.3,7.53,,68.79,23.2,6.4,2.0
87.93,99.68,63.2,53.93,99.92,1.91,98.7,95.47,13.4,8.4,1.0
100.89,,,,,,,39.42,-1.9,3.3,4.0
96.04,134.49,71.68,80.82,,-0.05,69.07,,21.8,6.9,4.0
,,,36.33,,10.46,33.5,84.34,,,4.0
71.27,97.2,61.53,52.28,91.98,3.86,51.85,60.63,28.3,6.5,2.0
99.78,76.76,83.01,81.61,95.71,7.46,63.22,93.38,27.3,5.4,0.0
54.86,88.05,74.69,68.67,70.07,5.65,62.22,54.36,22.8,6.1,4.0
92.78,64.43,97.71,95.38,91.17,7.1,71.0,72.43,10.0,5.9,1.0
74.0,59.18,63.12,,,1.53,57.0,61.96,28.5,6.3,1.0
91.36,67.79,94.07,51.96,57.0,7.29,74.43,76.88,10.7,6.5,4.0
,,135.23,34.24,,,108.34,,,11.0,0.0
95.8,61.42,78.26,98.24,67.08,0.34,87.41,86.14,25.7,4.0,2.0
64.89,91.46,79.27,51.39,69.87,2.34,92.11,96.85,10.2,5.3,4.0
,,,69.49,,-4.79,128.8,53.18,21.0,4.9,2.0
57.58,49.05,97.01,61.07,70.56,4.57,69.48,67.77,16.4,7.6,0.0
54.1,,,115.26,,3.26,85.45,64.15,,11.8,4.0
,18.87,,55.9,,,62.59,34.32,,,4.0
91.42,99.82,59.8,55.04,50.93,8.69,60.28,63.5,25.2,8.9,4.0
73.67,50.4,65.79,61.94,74.48,8.26,93.01,55.91,12.4,4.4,3.0
91.46,48.73,76.61,51.2,72.41,5.01,72.89,56.54,6.4,6.3,4.0
86.48,94.9,94.53,52.19,53.0,8.07,50.82,74.74,29.2,8.5,4.0
60.47,92.92,67.45,51.48,56.69,2.67,82.17,86.61,19.6,5.6,0.0
97.44,41.93,99.26,90.03,75.5,5.61,83.84,82.86,9.3,8.0,0.0
53.04,85.1,75.57,64.91,61.74,3.93,77.59,72.69,20.7,6.8,3.0
94.91,79.33,49.63,74.66,93.88,1.71,60.62,86.46,6.1,8.9,4.0
65.22,86.06,51.4,89.39,58.66,0.73,74.11,81.7,9.7,5.9,1.0
75.01,69.67,82.97,74.75,51.01,5.58,70.01,81.41,20.8,6.1,2.0
71.12,99.48,43.02,71.46,72.38,0.98,98.73,60.12,15.1,4.8,4.0
58.59,42.63,68.82,50.58,99.31,7.18,91.23,65.63,13.1,4.8,3.0
100.19,73.74,,78.4,57.1,-2.7,44.57,20.79,,11.2,1.0
59.65,63.79,65.99,56.24,67.7,1.62,59.05,90.41,26.7,6.0,0.0
60.19,66.99,85.0,88.23,50.84,4.71,66.55,88.76,22.0,7.1,2.0
59.35,95.28,67.53,62.89,74.25,7.39,68.99,62.63,16.6,7.8,3.0
74.45,73.6,49.81,83.71,60.32,2.87,74.63,52.76,21.5,6.2,0.0
89.9,42.71,55.12,82.31,82.39,9.21,51.51,88.39,22.4,8.8,4.0
67.63,64.47,62.05,41.29,,1.83,125.13,22.57,17.1,,3.0
94.66,64.99,,63.35,,1.04,67.89,60.99,12.7,7.4,4.0
81.83,97.93,75.06,63.35,53.44,0.27,78.08,55.85,7.9,9.0,3.0
84.47,75.95,76.45,93.15,87.75,9.76,50.45,50.64,22.0,4.0,3.0
83.38,78.14,43.73,50.64,79.27,9.56,66.07,71.39,8.0,4.0,4.0
40.13,119.59,106.92,,56.13,7.63,139.64,,16.6,9.8,3.0
84.47,86.2,64.84,80.51,62.99,0.51,75.05,84.82,10.8,8.7,0.0
53.49,78.1,60.03,90.85,82.64,6.19,89.44,98.83,13.3,7.0,0.0
92.99,54.23,73.46,67.92,55.93,2.93,84.95,60.34,16.8,8.6,2.0
88.89,92.44,60.76,82.67,64.59,9.37,92.75,62.15,27.4,4.6,2.0
62.26,83.93,64.98,77.86,82.83,7.95,50.37,66.87,22.0,4.2,3.0
62.55,59.06,137.4,,,1.99,34.78,87.51,9.3,6.2,0.0
50.63,99.79,49.73,81.09,66.05,2.85,77.44,84.88,27.0,4.9,4.0
60.86,88.15,77.15,90.7,89.94,7.01,97.05,67.6,17.5,8.3,3.0
53.26,89.75,70.34,99.62,83.89,2.89,83.99,55.21,10.1,6.1,4.0
89.01,97.08,58.3,51.48,67.43,0.38,72.83,86.52,18.2,7.9,1.0
87.79,49.07,83.65,83.0,93.82,5.08,56.51,89.73,9.8,6.6,2.0
,18.07,133.08,82.9,49.87,,126.47,,35.7,,3.0
50.22,74.83,68.64,50.49,82.41,7.63,72.05,56.84,25.1,7.4,3.0
75.06,59.76,80.06,80.72,74.78,8.66,88.92,76.39,21.5,5.7,4.0
85.24,90.36,88.14,56.12,72.64,3.54,70.67,60.42,16.9,8.7,2.0
57.77,85.75,98.36,68.93,92.4,4.49,65.94,68.71,10.7,6.0,4.0
82.49,83.25,77.76,63.07,64.74,4.7,54.49,88.87,12.1,6.0,4.0
54.21,99.83,92.47,68.06,51.83,3.24,52.33,60.98,29.5,7.5,2.0
59.07,55.56,40.07,74.63,93.99,7.43,71.96,90.31,13.6,7.2,1.0
73.79,84.13,71.81,67.96,91.25,5.22,67.34,83.7,20.4,9.0,0.0
82.68,73.08,52.88,77.64,68.33,9.14,77.77,60.99,17.5,8.3,0.0
57.29,58.78,45.65,61.93,59.27,6.5,85.6,76.32,5.6,5.4,1.0
59.26,49.64,71.92,81.77,83.78,2.12,52.0,80.7,28.6,4.5,2.0
60.22,93.75,84.81,92.69,53.94,1.65,74.81,60.01,7.2,4.5,3.0
61.94,75.73,64.74,61.2,71.19,3.72,93.1,57.25,21.5,5.8,2.0
61.33,,80.21,75.39,,-4.45,,76.56,25.3,,4.0
69.76,72.72,69.38,82.43,79.9,4.07,76.06,84.69,23.7,7.2,2.0
82.69,53.2,66.23,78.23,51.36,1.84,74.34,73.25,25.2,8.3,0.0
,104.1,57.42,,110.78,9.78,,25.26,11.4,,3.0
88.8,62.89,62.96,82.11,83.66,1.46,55.51,96.26,16.1,6.0,1.0
85.96,98.38,60.99,51.41,74.36,6.53,56.32,84.75,27.4,6.7,2.0
56.33,40.34,78.77,68.5,58.75,0.13,58.95,81.06,27.8,7.0,3.0
,,,58.7,94.78,4.97,89.63,127.34,-4.5,,3.0
,,108.45,,,,,,-6.4,,0.0
53.99,99.77,79.6,75.38,73.26,3.82,97.41,99.22,17.1,4.6,4.0
57.42,68.6,72.78,82.71,82.11,4.98,90.51,56.63,12.0,8.4,3.0
51.11,97.83,65.81,87.96,50.06,6.0,84.23,86.96,7.9,7.4,3.0
,63.74,49.15,55.67,85.55,5.84,86.02,71.04,11.5,,2.0
79.12,41.58,64.66,99.53,85.64,6.31,52.38,94.05,26.1,8.1,1.0
99.35,53.46,87.38,80.31,72.23,8.45,78.42,85.86,18.6,4.4,2.0
,96.72,93.38,68.16,67.17,8.87,,78.11,26.3,6.1,0.0
87.42,79.92,82.15,38.86,64.09,7.37,35.74,96.88,23.6,9.9,3.0
68.58,72.76,43.59,78.64,89.23,0.79,64.55,95.62,13.7,7.3,4.0
64.84,44.54,80.22,94.09,99.16,9.61,52.58,52.62,9.6,5.1,3.0
57.62,57.18,54.46,76.03,68.6,9.47,78.49,59.63,19.2,7.5,4.0
56.9,45.29,58.92,83.07,95.34,7.12,55.81,83.8,28.4,5.9,4.0
56.61,91.57,51.75,67.88,54.37,5.17,73.96,96.09,26.0,6.2,4.0
55.71,75.46,86.55,69.41,70.57,2.51,86.0,71.52,24.1,8.1,1.0
62.03,94.13,78.92,64.31,73.27,7.56,58.22,51.92,24.1,5.7,2.0
,,76.71,37.37,85.41,1.78,,49.29,5.0,,0.0
98.08,98.26,80.08,67.96,81.25,6.65,53.01,59.73,9.2,8.3,1.0
78.92,70.59,54.21,59.54,58.51,6.29,57.48,77.62,12.1,7.4,1.0
99.38,78.32,66.68,68.47,93.32,1.93,64.01,69.23,19.4,6.0,4.0
68.62,74.58,78.0,92.69,77.59,3.58,89.8,77.9,12.9,6.5,1.0
72.88,69.06,78.2,86.91,95.21,7.23,92.51,96.62,24.5,5.7,0.0
66.23,90.76,87.51,66.73,50.13,0.17,61.02,74.29,14.3,6.8,0.0
59.14,78.67,57.23,95.34,81.5,6.41,54.79,51.73,7.8,4.7,3.0
57.16,88.08,86.22,53.74,70.62,7.67,92.4,79.05,24.6,8.4,1.0
97.25,87.18,66.41,52.49,75.25,3.35,82.47,66.29,22.5,6.8,3.0
99.34,51.46,80.21,56.37,87.19,0.76,57.89,88.91,11.3,5.9,0.0
52.25,79.01,67.34,55.82,61.36,8.19,77.89,73.5,29.5,6.9,1.0
,,,,102.36,9.28,,,,,4.0
71.18,75.0,50.76,83.07,85.15,3.71,53.48,95.44,22.0,4.4,4.0
59.32,80.65,80.5,80.04,76.07,7.07,54.19,68.11,27.8,6.7,1.0
68.19,99.83,74.59,82.38,61.68,8.17,63.68,99.47,8.9,4.4,3.0
56.45,41.83,50.36,84.42,74.2,,82.61,,27.0,7.3,3.0
72.83,45.47,43.96,87.84,72.98,5.3,58.9,82.2,22.6,8.0,4.0
63.58,44.62,87.95,60.36,84.57,4.76,90.82,51.74,9.2,8.9,3.0
67.6,63.9,49.45,81.12,50.13,8.48,87.52,60.65,21.6,7.8,4.0
54.72,89.3,51.19,79.0,79.34,5.63,78.05,81.69,26.9,8.9,2.0
,,55.01,,80.28,,,,,,4.0
99.16,84.22,83.04,61.62,87.28,4.34,99.41,55.09,24.0,6.8,2.0
66.44,93.81,55.03,52.94,94.46,3.73,74.5,64.55,9.0,4.8,1.0
93.82,59.37,75.46,82.67,72.01,4.81,72.6,78.78,9.8,5.2,2.0
67.33,20.66,,87.01,29.86,3.65,60.89,50.8,,11.0,0.0
97.6,43.49,90.67,64.16,55.12,3.44,93.19,74.12,19.5,5.3,3.0
89.51,91.13,83.76,78.54,66.84,9.94,72.82,81.29,28.6,4.9,2.0
82.98,83.83,89.9,52.98,53.42,3.36,70.94,70.13,16.7,5.9,0.0
92.83,81.92,52.69,98.0,90.14,2.56,54.8,53.38,12.6,4.4,0.0
53.78,60.38,78.41,55.5,90.35,3.54,96.33,80.54,9.8,4.7,3.0
73.14,62.79,42.41,53.38,70.86,5.91,92.19,80.29,6.4,4.7,4.0
,,,26.41,91.24,,,55.02,,9.9,0.0
88.48,43.83,82.81,71.36,55.9,,,84.66,19.4,8.4,2.0
98.1,86.42,41.47,54.86,92.56,8.42,88.14,60.39,9.4,5.5,3.0
60.57,17.08,74.79,53.39,93.87,2.03,,44.83,4.7,,2.0
,,,112.36,101.32,,130.02,87.61,14.4,10.0,4.0
85.33,84.55,62.8,63.01,81.09,2.35,62.75,69.63,26.6,4.1,3.0
88.03,59.85,42.69,81.44,62.93,4.58,89.49,53.38,15.7,4.8,0.0
,66.85,82.83,82.01,81.24,,,,13.6,11.7,2.0
96.21,82.46,95.78,69.33,51.06,3.82,83.45,76.91,18.1,8.8,2.0
91.25,72.09,83.03,64.65,78.86,6.52,66.3,98.55,29.7,7.7,0.0
92.19,86.64,74.71,61.43,57.5,4.02,51.81,97.12,24.9,8.3,0.0
83.65,74.86,53.8,82.24,50.62,,56.19,,19.9,7.9,4.0
65.23,57.2,40.92,56.51,55.24,3.82,82.74,55.06,20.2,5.5,4.0
118.42,,54.23,40.8,76.15,,,43.76,,10.8,0.0
96.78,75.35,,69.39,83.46,10.47,61.6,70.38,13.6,,3.0
79.31,40.76,91.49,85.54,60.13,8.04,70.74,76.63,29.6,5.3,0.0
64.91,94.1,67.98,96.77,94.38,6.01,84.64,65.44,8.2,8.6,0.0
57.46,,,,,,74.65,,40.3,11.7,1.0
91.48,92.12,85.24,77.58,66.56,8.33,65.43,85.39,17.9,6.8,3.0
91.83,92.96,86.77,74.77,60.9,4.86,57.29,98.29,26.3,5.6,3.0
74.22,,,75.73,34.47,6.63,79.28,,,7.1,4.0
82.25,70.46,96.31,85.78,53.71,6.74,81.74,66.48,8.4,6.9,4.0
68.3,21.18,,126.88,64.74,13.57,,118.69,-6.9,8.5,4.0
65.2,66.97,96.81,96.64,92.98,4.64,58.02,68.23,9.1,5.5,2.0
50.43,93.71,89.45,61.93,84.42,2.3,83.21,95.73,22.7,4.2,3.0
91.68,87.29,82.34,65.51,93.76,5.57,58.96,92.78,8.5,7.1,1.0
54.37,47.59,79.8,65.8,55.24,2.54,61.09,76.44,20.6,7.0,4.0
81.54,76.62,46.23,90.3,72.78,9.4,76.57,83.84,26.7,7.0,4.0
75.2,99.75,56.29,54.95,61.46,6.29,64.46,85.02,,,4.0
76.33,75.73,40.34,72.78,86.06,2.92,83.08,82.05,5.7,8.7,4.0
96.34,87.15,48.24,71.38,98.51,2.16,97.79,58.04,29.7,6.7,4.0
116.78,136.99,,53.66,,15.42,57.44,84.64,6.1,12.5,2.0
88.67,61.02,48.79,70.54,51.76,7.08,78.53,50.16,8.5,6.7,1.0
52.6,62.31,94.1,75.67,65.83,5.97,96.16,85.5,12.7,6.6,3.0
51.91,83.44,88.34,53.26,51.43,6.14,58.83,77.74,29.6,8.7,1.0
71.49,70.0,44.3,75.49,52.01,6.04,68.34,62.99,10.7,7.0,0.0
53.15,74.23,54.93,97.96,53.98,3.6,56.18,90.19,23.8,6.4,3.0
89.46,82.77,89.14,98.95,63.82,9.37,82.1,70.26,11.0,7.8,4.0
76.48,86.65,88.18,76.58,65.21,4.79,83.46,74.29,15.0,5.3,0.0
51.45,56.29,96.73,75.75,70.02,0.2,83.21,,,5.0,0.0
,,,34.14,,-5.77,,70.07,,1.1,0.0
80.63,57.51,98.58,99.86,88.57,1.3,87.31,58.37,12.7,4.1,0.0
90.31,70.45,64.61,63.71,57.07,3.63,51.79,63.81,17.2,5.5,4.0
71.89,60.53,55.02,72.65,57.89,6.08,97.88,62.61,20.6,6.1,0.0
77.73,74.1,85.5,50.15,81.33,0.23,61.1,52.3,5.7,6.9,1.0
89.99,43.21,57.96,67.46,78.59,8.7,56.08,73.02,15.3,6.7,4.0
80.53,70.59,88.38,53.57,57.7,6.1,97.06,76.13,13.6,5.8,0.0
61.24,62.08,72.04,87.19,92.61,2.95,91.52,78.55,5.7,5.7,0.0
80.65,72.08,87.64,78.05,66.45,3.11,88.24,73.11,13.9,4.0,1.0
81.41,65.35,56.55,78.61,68.35,4.66,,93.48,28.3,,2.0
,57.05,70.48,64.33,71.02,2.48,90.38,51.88,11.9,,2.0
81.04,94.25,73.84,90.74,66.14,0.04,80.45,80.69,19.6,5.8,1.0
130.18,78.46,,111.55,67.41,0.27,,130.12,-2.9,4.1,2.0
59.86,80.88,56.0,66.68,69.43,3.58,98.9,52.05,7.7,8.8,3.0
97.55,95.48,96.2,82.97,62.97,1.24,59.72,74.82,12.2,6.5,3.0
76.92,72.32,88.29,95.4,95.22,0.22,75.22,79.45,16.8,4.1,3.0
,,59.37,61.73,,,,,,,2.0
54.97,47.49,87.21,77.06,84.92,2.74,71.68,62.63,20.6,8.4,3.0
69.03,69.63,76.33,76.9,67.36,5.03,52.73,89.28,28.7,5.9,3.0
88.47,67.42,54.64,93.71,71.76,1.79,55.57,78.37,6.7,7.4,2.0
85.35,40.49,51.37,52.53,61.8,0.47,80.1,65.79,22.9,7.1,1.0
,17.25,27.35,40.02,,13.89,85.82,123.59,-4.3,9.6,4.0
136.44,7.35,50.03,31.36,,-2.91,,56.29,19.6,4.9,3.0
16.73,80.19,,51.08,51.11,0.26,,83.07,33.7,0.4,2.0
99.79,96.3,76.91,57.35,53.01,5.87,60.05,74.43,17.0,8.6,4.0
94.86,45.15,66.85,98.82,96.12,0.13,51.2,83.23,6.2,7.6,4.0
51.05,59.65,49.52,60.74,94.44,4.36,57.59,67.16,23.1,8.3,0.0
92.93,66.64,71.91,96.75,75.3,2.89,94.15,81.45,5.7,4.1,4.0
95.97,67.31,56.89,60.26,74.67,3.19,50.6,62.55,17.4,4.4,3.0
67.68,,88.25,50.79,,8.64,129.11,,21.9,,1.0
126.48,,15.41,64.08,56.92,14.06,87.67,,10.9,5.1,3.0
72.11,41.63,75.41,55.66,82.68,5.17,78.21,96.8,19.5,4.5,0.0
,82.61,42.81,79.1,73.8,5.73,60.42,91.68,11.5,,4.0
67.02,93.09,64.13,65.93,87.17,6.66,93.9,78.26,10.4,7.7,0.0
66.13,70.83,55.46,69.16,51.51,7.98,73.75,78.19,25.5,8.0,3.0
71.22,74.87,41.84,72.01,79.64,6.08,58.66,52.81,13.3,6.9,3.0
57.28,49.78,47.54,71.14,77.84,7.62,71.45,82.48,25.3,7.2,3.0
91.56,53.24,48.34,83.21,92.04,4.49,59.75,66.41,10.4,5.1,1.0
67.43,54.11,50.97,88.42,83.84,3.71,68.8,80.61,13.9,8.6,3.0
70.01,65.84,88.2,66.46,94.01,8.23,74.83,92.01,7.6,7.2,3.0
94.7,95.69,66.37,96.22,94.36,8.65,68.0,52.27,17.4,6.1,4.0
74.83,71.31,48.83,96.92,70.41,1.38,82.85,80.35,14.5,8.4,1.0
77.21,51.53,46.02,52.03,56.87,5.43,96.8,78.21,5.1,8.3,4.0
97.82,55.97,57.88,50.75,81.51,6.84,67.41,60.34,16.6,4.0,0.0
128.75,16.37,,,67.5,-5.39,,120.04,-3.7,,2.0
,,61.87,112.5,24.57,3.46,51.68,77.74,,,4.0
73.66,66.4,49.59,63.9,77.9,5.2,76.53,88.37,17.3,6.1,1.0
98.56,63.55,64.25,62.97,55.75,6.45,71.44,55.53,22.3,4.4,4.0
68.62,73.88,73.32,83.92,51.35,1.78,90.69,72.18,25.5,8.4,2.0
68.58,54.51,41.78,80.09,83.98,2.64,94.55,99.9,6.3,6.7,4.0
59.75,44.73,77.66,58.36,84.09,1.21,79.53,84.46,13.4,8.5,2.0
55.72,41.46,63.71,94.23,80.03,2.64,59.26,84.21,5.6,7.9,1.0
87.02,55.08,40.58,84.0,92.96,4.92,73.31,65.89,6.2,8.5,4.0
88.5,45.5,80.43,68.13,54.04,8.34,75.22,54.69,5.9,8.7,1.0
98.45,60.18,82.74,84.18,55.26,5.34,71.61,97.47,16.9,8.4,1.0
88.67,86.38,77.73,55.63,93.23,2.44,63.12,55.27,16.3,5.0,0.0
62.17,82.98,60.52,73.41,75.16,0.45,73.62,99.64,6.5,4.4,0.0
52.01,76.66,71.78,58.45,63.65,6.22,72.33,56.29,11.6,7.1,4.0
99.27,91.15,63.23,52.07,86.91,4.2,60.47,58.55,11.1,4.8,4.0
67.02,56.92,82.04,66.92,94.72,9.84,95.17,65.42,12.4,8.3,1.0
65.6,93.1,75.01,57.54,84.48,7.8,94.27,75.62,21.0,8.7,0.0
117.55,63.95,44.91,55.8,,,,34.79,,8.6,4.0
79.25,64.05,78.59,83.7,64.12,0.12,70.05,98.55,13.5,5.2,4.0
60.74,64.32,81.23,57.43,64.44,7.78,68.52,67.94,24.7,7.1,4.0
94.45,45.89,62.24,51.23,93.21,1.95,85.82,51.02,15.4,7.6,0.0
99.67,98.53,92.55,89.64,80.74,5.86,80.41,80.83,18.1,6.6,4.0
54.33,48.31,90.58,50.1,61.71,4.47,80.03,85.54,8.6,5.8,1.0
93.11,60.45,50.51,67.2,76.21,5.72,56.21,69.87,10.8,5.5,4.0
69.53,59.16,94.26,74.73,84.29,1.33,80.91,59.17,23.2,7.3,3.0
76.2,44.48,66.45,90.93,60.93,4.57,95.09,65.3,29.4,7.7,2.0
95.74,49.14,83.42,91.93,82.75,0.37,54.29,82.79,22.6,5.4,1.0
98.67,42.69,88.85,86.25,52.11,0.41,66.96,74.71,6.4,5.6,4.0
63.11,,70.31,62.36,65.18,6.58,75.45,,8.6,6.3,3.0
,,,44.19,54.36,-2.76,41.14,60.91,,10.3,0.0
54.03,60.37,94.93,62.33,57.47,7.77,54.48,92.1,23.3,8.2,1.0
78.09,47.42,53.85,60.73,61.11,4.69,93.64,57.79,9.1,6.2,1.0
50.68,78.74,55.42,77.36,93.95,0.56,52.03,66.5,23.8,8.9,4.0
70.59,147.34,61.7,42.74,,0.45,129.87,,41.6,9.7,0.0
,15.32,,110.16,52.05,10.11,80.9,125.42,40.5,12.7,4.0
70.26,56.77,96.33,53.0,60.54,9.76,57.68,63.31,18.9,7.8,3.0
,98.31,114.02,,91.56,,90.02,124.91,44.4,,2.0
91.76,50.73,91.83,92.97,78.72,8.43,93.01,85.31,11.2,5.8,0.0
60.49,70.67,55.49,80.22,57.77,7.05,99.11,60.88,23.0,5.3,2.0
66.42,54.38,98.24,71.44,74.09,6.05,55.79,86.29,26.1,7.0,3.0
93.5,95.94,75.84,92.27,70.45,9.48,76.32,84.82,26.8,7.3,1.0
87.31,98.89,40.43,86.44,73.83,2.3,53.86,87.63,5.7,5.3,3.0
60.95,88.88,42.05,78.98,55.28,4.55,57.82,95.79,20.6,5.7,2.0
53.59,58.89,48.85,65.99,55.32,8.65,58.72,85.59,29.7,8.3,0.0
85.78,74.38,51.25,30.42,70.34,-0.87,81.13,67.6,-0.6,11.4,4.0
69.54,54.54,86.06,70.93,98.97,2.46,94.65,89.53,9.3,4.9,2.0
88.3,93.45,53.37,64.34,71.31,2.09,56.32,84.79,26.9,8.7,0.0
72.26,94.87,98.15,66.96,89.45,7.53,81.47,78.71,11.6,7.1,2.0
67.3,65.13,78.17,75.78,82.79,0.13,,,6.1,6.5,1.0
,136.58,27.48,35.27,106.56,,,38.42,,0.1,1.0
87.43,49.93,53.07,90.31,64.83,0.18,99.92,75.64,7.5,7.7,4.0
95.11,66.1,93.56,57.28,65.68,6.31,67.37,81.41,7.9,8.6,1.0
52.49,77.89,80.07,74.05,79.79,6.05,95.25,70.77,16.6,4.3,3.0
76.21,63.12,91.86,87.3,79.0,5.78,97.41,89.04,20.3,6.6,4.0
51.64,61.46,97.39,74.25,96.18,4.74,97.45,67.05,27.6,8.4,2.0
73.42,40.06,47.54,68.05,89.5,8.52,87.64,90.53,22.6,8.8,3.0
94.26,88.26,45.8,73.74,92.84,6.59,62.69,55.4,26.1,4.4,0.0
68.08,93.36,88.2,92.43,94.56,7.82,56.03,85.45,15.3,8.0,2.0
96.62,98.17,91.97,99.52,90.06,1.16,78.49,73.84,13.0,5.4,1.0
81.53,83.16,75.03,81.56,66.64,0.5,68.0,84.94,19.8,6.7,2.0
96.71,39.3,112.13,117.44,60.75,11.72,137.96,122.39,,,1.0
87.86,56.16,79.16,50.72,78.59,1.47,87.25,56.72,19.2,6.7,3.0
55.17,99.96,58.34,94.02,84.48,6.67,63.82,73.85,11.6,4.6,3.0
,75.39,14.52,57.61,,4.94,,,-7.4,11.3,3.0
69.71,80.87,69.29,78.76,92.42,7.52,61.87,87.74,16.2,4.6,4.0
58.51,80.94,52.97,87.69,98.03,1.92,78.36,65.01,5.4,5.7,1.0
74.75,90.72,69.02,75.64,78.47,3.67,53.95,97.21,27.0,6.8,2.0
,96.8,133.76,39.92,72.83,14.26,56.97,,,,2.0
97.81,53.21,90.39,92.61,92.14,9.36,83.58,68.22,23.8,7.6,2.0
71.69,79.93,96.5,79.84,51.21,9.22,58.47,80.18,9.3,5.5,4.0
89.28,93.71,88.38,78.97,56.45,8.18,79.82,71.33,18.9,8.4,4.0
97.1,81.12,61.29,82.96,92.28,6.88,80.35,54.83,28.2,5.1,1.0
93.85,64.81,88.72,92.8,86.6,9.14,73.9,90.3,10.4,5.9,4.0
60.43,61.69,95.37,86.6,70.81,7.14,97.66,59.55,13.6,7.2,3.0
74.8,84.28,96.82,60.56,94.44,9.54,55.41,72.9,14.7,6.1,2.0
67.39,84.47,80.99,73.34,67.57,0.25,70.33,85.13,14.6,7.6,3.0
98.05,138.8,52.68,56.82,,9.22,,126.54,20.0,12.5,4.0
,11.01,7.43,77.73,,,84.25,97.42,,7.3,2.0
91.32,,48.83,96.91,59.22,1.12,71.23,69.66,,6.1,0.0
88.48,,66.13,112.17,,-2.64,,61.98,25.8,,3.0
76.18,87.43,67.73,83.3,95.8,8.52,83.28,88.97,8.9,8.4,0.0
99.12,52.86,91.3,67.47,59.17,5.06,51.15,96.05,28.7,4.4,1.0
53.0,60.64,67.9,65.22,58.68,9.83,72.78,50.02,11.0,6.3,3.0
74.4,92.47,79.65,82.17,73.98,1.18,66.68,81.39,19.1,5.5,2.0
88.7,43.01,41.45,71.63,54.61,4.13,81.38,50.35,6.5,5.5,2.0
101.13,149.69,,,,3.32,68.73,89.36,,6.6,0.0
80.58,68.9,66.18,88.02,55.01,5.16,82.54,57.48,28.2,5.4,2.0
61.97,85.07,77.84,65.61,80.83,6.33,82.69,94.73,14.1,8.8,3.0
93.37,56.91,50.29,85.14,66.99,6.62,62.74,57.76,8.0,8.9,4.0
66.35,53.14,85.87,74.73,90.21,0.01,62.32,88.22,24.2,6.9,4.0
79.32,63.11,,,38.46,-4.93,22.05,85.53,,,2.0
126.39,74.3,89.05,,106.35,-2.59,62.1,,22.5,10.3,1.0
59.18,46.28,45.88,94.77,99.19,8.65,84.14,80.42,27.9,8.0,3.0
64.24,51.58,80.79,67.98,53.31,3.13,80.14,60.34,19.8,4.9,1.0
70.83,99.93,57.6,64.37,78.89,3.67,60.82,64.93,26.5,4.7,0.0
67.68,51.74,87.72,67.59,99.48,4.5,94.21,55.38,10.6,6.1,2.0
60.3,44.45,64.13,33.14,126.52,3.56,94.36,97.39,10.5,1.5,0.0
79.98,65.21,79.92,77.23,86.99,0.14,56.35,61.97,10.7,4.5,1.0
78.33,93.14,96.06,57.37,51.6,1.19,60.65,75.8,10.6,4.7,3.0
82.71,85.31,41.24,90.87,51.07,6.85,76.99,85.68,27.0,9.0,1.0
19.78,37.77,95.77,85.11,,,66.92,,18.9,,4.0
56.32,87.62,47.59,45.57,99.59,6.43,59.55,22.65,13.5,11.3,1.0
88.04,92.79,78.78,56.25,98.98,2.61,74.74,63.62,25.1,5.5,1.0
92.54,66.68,57.58,98.92,66.73,5.2,95.76,88.51,21.2,6.1,1.0
62.85,95.89,69.66,72.73,64.55,9.75,55.09,74.04,9.7,7.1,1.0
70.35,69.73,42.52,91.11,57.3,5.28,83.43,59.11,22.3,7.9,3.0
74.93,81.65,51.55,88.43,66.46,3.74,94.29,69.61,6.6,8.7,2.0
76.67,44.16,65.47,85.68,68.51,3.83,64.65,63.5,10.0,4.6,3.0
82.97,84.71,90.04,91.37,87.41,9.67,56.78,52.53,21.1,5.0,0.0
52.08,60.28,68.78,55.02,93.31,7.19,72.83,88.18,27.7,6.8,4.0
86.07,61.08,75.18,83.92,87.34,6.87,98.07,64.58,24.3,8.7,2.0
53.1,47.12,92.43,63.29,82.32,2.32,81.67,97.26,13.3,6.3,4.0
73.41,48.81,58.53,89.29,88.3,5.59,82.2,94.41,25.6,7.2,4.0
91.38,51.15,82.04,97.84,86.92,3.57,83.58,85.81,29.2,5.5,2.0
72.56,59.69,91.7,95.07,73.79,2.4,51.99,66.33,13.3,8.1,2.0
57.45,93.52,52.16,55.75,66.79,8.96,72.28,64.0,9.7,7.0,0.0
99.25,62.1,61.39,68.48,64.14,3.83,53.88,73.76,9.9,5.9,3.0
94.46,83.46,98.79,68.22,83.97,2.83,65.79,67.73,15.0,6.7,2.0
88.57,44.96,98.99,56.11,97.97,9.32,91.08,95.06,6.3,7.5,0.0
,64.61,53.39,,,,,,,,1.0
59.19,68.91,43.99,69.24,95.63,7.46,99.78,86.22,23.3,5.7,2.0
97.07,98.68,56.26,99.6,50.71,6.53,58.61,80.54,18.3,5.3,3.0
76.62,90.77,63.86,78.45,89.72,9.2,69.85,90.32,29.3,8.8,1.0
92.62,67.29,66.46,81.09,92.68,8.32,90.48,77.12,16.5,4.2,1.0
67.1,86.51,77.13,73.55,81.55,7.05,60.78,81.48,5.3,4.3,1.0
66.76,51.58,93.97,83.12,96.7,3.15,57.69,98.14,16.8,5.8,1.0
99.28,73.74,59.82,97.83,79.5,4.96,71.38,54.6,28.2,6.7,4.0
76.09,44.48,91.0,79.43,62.03,9.44,69.19,55.24,7.4,5.6,3.0
57.03,60.89,45.61,53.25,60.79,0.23,99.01,69.68,10.6,8.3,0.0
60.98,53.55,42.51,74.64,77.79,7.94,72.81,73.64,22.9,4.8,2.0
74.1,83.13,70.24,99.64,95.32,2.52,93.05,59.99,12.4,5.8,0.0
52.12,69.41,43.58,69.37,53.62,1.85,94.4,54.13,24.1,6.4,4.0
,,63.55,,48.69,2.32,32.2,,15.5,2.5,1.0
70.95,70.92,93.81,55.33,88.49,0.6,85.77,88.23,24.9,5.5,2.0
88.97,45.19,54.49,57.06,55.77,9.92,63.88,74.25,18.8,8.7,3.0
67.75,84.12,82.36,93.73,55.84,8.7,54.74,92.17,7.1,6.6,2.0
99.13,89.99,58.14,65.02,68.31,5.21,93.74,68.04,14.7,8.3,2.0
59.04,94.21,42.7,65.27,63.69,7.15,64.62,85.17,13.3,5.3,0.0
79.55,74.32,73.4,69.36,59.92,5.57,67.27,74.43,25.3,7.1,1.0
54.48,85.22,90.09,98.32,59.93,8.12,66.2,80.6,20.6,7.8,3.0
86.69,85.12,64.57,54.22,56.53,8.45,60.01,68.51,24.4,6.1,2.0
99.74,49.34,77.04,90.94,80.54,2.33,71.73,54.06,14.3,7.1,4.0
90.96,49.85,94.0,67.08,84.41,4.6,71.41,97.37,22.3,8.3,4.0
77.79,44.25,87.38,92.47,85.15,6.35,70.44,91.8,6.6,4.7,1.0
74.24,59.19,51.63,99.59,76.62,9.78,95.81,65.59,5.9,5.8,2.0
91.75,68.41,84.0,67.43,97.65,6.83,66.99,97.94,12.2,8.1,1.0
96.8,99.87,70.11,56.47,94.03,8.98,51.52,65.02,24.3,5.2,2.0
99.46,65.86,84.76,57.22,97.88,8.46,58.92,72.15,18.4,6.8,3.0
69.83,83.57,69.67,87.94,69.44,5.82,86.07,87.76,15.2,6.2,4.0
99.55,81.6,47.68,57.25,93.89,8.94,79.54,65.45,27.4,7.3,0.0
57.8,52.27,74.19,63.02,88.14,3.77,97.59,66.23,17.4,7.3,1.0
62.68,43.51,69.53,60.22,67.0,3.79,84.72,70.5,20.3,6.9,3.0
54.45,72.76,71.08,67.78,55.33,7.81,59.71,73.42,29.6,8.7,4.0
63.59,82.02,92.73,53.72,84.13,1.35,56.03,56.18,18.1,4.9,3.0
88.4,99.9,93.69,92.84,56.82,3.06,,,24.6,8.2,0.0
92.65,61.52,67.21,93.01,64.69,6.09,83.26,95.96,15.3,6.4,2.0
88.94,93.78,67.34,70.65,75.02,4.2,58.28,67.66,5.9,7.3,2.0
72.44,96.93,48.32,36.91,83.99,12.87,55.27,95.02,,,3.0
,81.36,71.18,82.1,96.31,,93.25,87.96,28.6,4.5,3.0
85.44,75.9,97.02,87.46,79.66,5.03,86.38,64.75,15.9,7.9,1.0
69.54,43.18,78.96,76.03,83.57,5.39,83.21,59.08,17.6,5.3,3.0
92.07,44.7,56.65,75.52,65.5,7.25,89.47,98.13,15.6,6.0,2.0
83.86,41.25,71.89,81.57,84.36,4.57,,96.03,29.9,,3.0
84.89,62.25,77.63,85.15,71.89,,,55.29,27.6,7.3,4.0
76.8,84.75,78.39,67.33,92.85,7.47,51.9,94.96,6.0,7.4,4.0
69.09,50.37,,32.41,101.56,13.87,,126.26,44.4,11.2,2.0
62.6,76.35,50.66,63.49,73.41,2.45,95.66,81.72,20.0,8.5,3.0
,,42.02,77.44,34.06,,87.98,,5.6,7.5,3.0
88.88,,60.27,,,,,,,,3.0
74.64,87.9,65.65,77.02,97.68,2.36,84.58,56.07,,,4.0
94.46,128.88,5.19,24.13,79.2,6.52,,68.53,,7.8,2.0
67.32,71.49,88.9,91.84,73.75,,,91.1,5.3,4.6,1.0
68.47,57.07,60.64,53.66,85.3,2.65,74.31,84.43,26.8,8.7,4.0
94.44,88.57,94.82,78.61,94.77,,71.0,59.04,28.5,,2.0
73.22,51.17,49.26,78.78,74.69,9.29,,64.5,,4.7,2.0
75.81,57.39,43.42,69.19,55.44,2.57,50.48,77.32,23.0,8.7,1.0
66.64,51.04,,,,,13.52,70.76,17.2,5.8,0.0
63.83,80.45,51.35,90.01,77.52,2.39,74.63,53.61,28.9,8.6,1.0
82.8,81.17,96.24,64.03,70.88,1.17,66.53,80.7,25.0,5.4,1.0
55.99,79.15,40.62,93.57,59.33,0.58,70.41,86.82,22.4,5.7,2.0
93.96,64.94,64.76,94.82,,2.42,99.89,59.07,28.1,,0.0
88.96,46.01,95.6,82.53,84.37,3.85,88.76,62.31,9.0,5.1,0.0
59.54,94.67,63.07,88.64,99.64,9.28,93.87,62.94,14.4,6.3,3.0
84.7,70.46,45.59,80.65,95.96,2.42,68.43,96.99,26.1,4.0,1.0
80.13,64.42,58.17,76.26,84.16,3.65,61.98,70.35,7.5,8.4,1.0
59.23,75.33,69.88,98.33,92.08,7.34,88.4,76.53,28.4,4.8,0.0
116.92,51.57,,96.49,81.65,-3.48,90.38,132.99,,4.6,0.0
70.45,47.95,67.99,57.71,81.12,6.84,77.49,68.57,16.0,8.6,0.0
71.4,,45.42,102.72,53.03,4.32,68.65,103.14,13.5,,2.0
113.06,104.38,,,42.76,-3.65,,,36.2,3.7,2.0
76.61,54.66,42.96,59.26,98.49,7.34,73.55,83.36,7.3,7.0,2.0
88.42,93.55,49.65,95.44,93.04,0.27,61.13,63.03,15.6,6.2,1.0
87.9,71.85,56.52,70.55,76.72,2.92,75.86,51.76,26.1,6.2,0.0
,119.5,51.16,115.6,89.44,,,67.55,,1.6,2.0
89.35,81.37,61.66,62.46,97.19,4.58,64.65,85.17,16.3,4.3,3.0
66.71,97.09,90.64,65.66,60.8,6.8,80.88,51.3,13.0,8.2,0.0
94.06,46.73,83.0,52.96,89.66,4.59,84.7,84.66,8.9,6.0,0.0
80.75,90.01,46.03,62.89,63.49,5.94,60.7,96.95,29.8,4.3,0.0
91.12,75.04,77.47,74.52,93.85,5.96,79.42,58.94,5.6,7.3,2.0
77.31,48.77,46.78,97.31,54.92,3.73,65.73,76.07,12.8,7.4,4.0
60.92,57.83,55.3,69.45,58.91,9.34,92.71,84.84,24.2,5.1,3.0
71.97,,14.92,,86.03,9.56,,,14.2,7.8,3.0
33.39,44.93,,18.74,34.71,1.45,91.31,87.58,,10.0,4.0
84.87,54.56,76.98,52.34,57.9,0.72,59.98,93.4,29.8,7.0,3.0
73.79,72.09,73.82,75.18,77.77,4.91,51.73,90.73,20.5,6.6,2.0
,,95.38,85.21,131.89,7.92,92.53,62.94,,,0.0
83.9,66.92,99.41,94.18,63.42,4.83,69.34,90.21,26.2,4.3,4.0
84.23,91.78,65.31,87.65,92.06,1.88,58.99,70.67,8.8,4.1,0.0
60.86,92.17,45.82,68.93,90.4,7.04,54.59,63.32,16.6,6.3,3.0
99.21,68.24,47.23,82.01,78.96,0.8,75.83,58.4,26.0,5.0,1.0
92.08,98.38,75.03,55.6,82.33,9.53,57.51,95.45,29.6,8.7,3.0
89.45,44.54,98.74,85.13,52.02,1.95,78.33,71.34,14.6,7.2,3.0
66.51,114.83,28.73,,68.36,,86.37,130.15,-9.5,10.1,4.0
76.78,,134.12,,95.83,9.17,64.03,26.79,11.4,7.8,0.0
56.86,76.07,66.65,64.21,57.5,2.48,95.18,88.35,28.6,5.6,4.0
76.92,77.75,66.15,63.19,69.48,9.34,57.78,55.5,21.6,4.9,2.0
57.29,68.59,70.0,76.07,67.75,3.89,74.7,50.88,20.1,4.3,0.0
63.6,47.49,105.23,,,9.61,32.88,69.4,22.2,12.2,2.0
,,23.59,,79.9,,,108.92,14.6,,2.0
69.51,91.13,,91.58,74.28,6.26,45.6,,,,4.0
74.93,,3.0,125.38,,,70.0,34.88,30.4,,3.0
122.02,136.96,22.39,,52.99,11.64,,90.97,,,1.0
55.43,79.85,70.66,63.05,76.73,2.26,63.97,73.56,17.0,8.9,3.0
89.59,75.86,76.42,91.51,50.05,0.84,92.99,80.54,14.4,8.8,3.0
,21.72,16.4,63.39,,,,56.24,-1.8,7.0,0.0
51.84,65.7,65.65,67.16,75.3,6.32,94.03,55.49,7.4,5.1,4.0
19.78,,21.89,99.54,74.4,7.42,35.3,19.8,,7.7,0.0
88.25,72.24,81.21,75.35,68.12,7.91,73.8,65.05,25.7,9.0,1.0
70.26,41.11,86.41,92.17,68.75,3.32,83.81,68.91,15.0,5.5,4.0
132.52,141.9,29.74,40.97,,15.16,126.33,,38.4,2.6,3.0
76.24,90.69,60.49,56.17,50.8,0.5,69.1,62.57,22.7,6.0,2.0
51.11,55.63,99.97,62.59,54.18,0.63,65.65,67.74,14.2,7.7,3.0
85.84,76.99,90.92,78.14,75.25,7.01,95.65,68.96,11.3,8.5,3.0
,95.39,55.6,79.16,57.51,8.88,52.38,,22.1,6.4,4.0
89.47,118.12,27.66,62.13,68.78,16.03,34.4,24.84,-4.9,9.8,3.0
58.41,70.18,58.84,53.85,63.72,4.9,72.93,89.42,28.2,7.9,1.0
67.27,67.37,67.14,87.68,54.89,2.7,57.3,93.03,7.9,6.5,3.0
37.77,86.47,111.51,114.19,103.52,7.07,27.43,75.82,5.7,7.0,2.0
,90.14,86.7,75.53,67.85,5.09,,,,8.4,4.0
,18.09,108.61,55.95,51.77,5.58,30.02,60.72,,4.6,1.0
91.47,43.82,56.32,95.7,57.08,3.44,65.48,96.21,25.9,4.2,4.0
59.54,43.95,75.61,82.13,66.19,5.78,89.09,51.76,9.3,4.0,2.0
90.36,42.56,56.99,83.72,65.52,7.29,99.44,50.72,19.6,4.4,0.0
62.77,64.55,3.29,,,7.01,43.29,,,8.1,1.0
,129.18,81.05,35.32,55.56,2.63,122.09,126.45,9.7,,2.0
65.13,52.22,48.58,79.13,59.67,5.85,96.98,98.24,5.5,5.7,0.0
56.59,78.79,80.06,92.11,56.2,1.49,90.09,87.52,18.9,5.2,2.0
69.15,81.23,78.88,64.81,81.71,1.22,99.02,78.65,18.0,6.5,0.0
60.18,55.31,88.61,94.86,90.23,7.86,87.36,85.03,6.1,4.4,0.0
82.2,76.03,48.37,81.02,98.19,6.94,83.08,61.53,22.2,7.1,4.0
99.73,,87.01,71.16,50.34,7.68,,84.43,19.3,5.9,3.0
18.06,3.42,,45.34,104.35,,56.71,32.79,44.8,12.3,3.0
77.05,60.2,91.06,70.09,86.7,9.15,84.15,61.12,18.2,7.8,2.0
78.68,77.15,85.11,91.9,91.43,1.33,88.06,61.83,23.0,4.1,0.0
74.2,135.53,79.73,28.3,,,90.32,57.07,-2.0,6.9,3.0
81.83,12.29,92.88,112.51,48.39,3.52,139.98,126.79,0.6,11.4,2.0
77.19,63.5,83.83,75.49,64.45,1.05,72.36,79.09,28.6,7.3,2.0
73.58,67.86,83.45,83.02,53.73,2.87,58.05,53.19,23.2,7.6,1.0
92.44,6.01,59.9,55.44,74.46,11.94,65.41,51.9,27.8,8.1,4.0
52.8,73.19,87.78,57.35,57.91,4.91,67.82,60.86,28.1,4.2,4.0
70.43,59.72,66.93,86.84,86.85,9.5,59.21,64.32,11.5,4.1,0.0
52.63,47.29,47.28,56.94,87.06,3.28,62.81,70.24,29.8,7.0,3.0
77.52,67.98,73.54,91.94,92.1,6.12,51.75,53.8,11.7,7.6,0.0
65.36,40.2,55.9,79.82,68.88,8.92,54.53,86.26,5.5,7.9,3.0
76.68,64.11,63.07,96.91,50.67,6.3,79.63,85.57,29.1,4.8,3.0
56.71,46.34,41.04,93.3,62.99,3.62,93.31,67.33,10.6,8.8,3.0
123.73,96.28,108.76,88.43,,9.91,103.08,78.15,11.8,,3.0
94.73,89.47,88.53,56.87,84.7,1.87,81.3,55.05,29.3,5.3,3.0
59.5,94.97,72.56,80.06,69.1,5.23,90.49,70.76,6.2,4.8,1.0
67.17,52.46,40.59,75.92,76.8,7.97,67.84,92.88,11.7,4.2,1.0
80.67,72.36,68.19,58.43,76.21,0.01,82.72,83.03,20.2,8.0,3.0
54.78,56.68,57.49,56.47,58.25,7.02,67.52,55.2,24.1,4.0,2.0
67.73,69.61,68.65,78.2,81.15,2.66,82.14,92.38,25.2,6.3,2.0
62.56,66.2,64.28,52.45,71.96,1.7,60.88,84.03,27.1,4.5,4.0
